豆瓣路人己,2,3150,['2021-02-12'],听说过这片子不如《晴雅集》，看之前我不信，看完之后，我深信！
孙柔软,3,5385,['2021-02-12'],确定不是打着陈坤和周迅的幌子捧渣男和瞪眼妹？
六姨太,4,1117,['2021-02-12'],周迅一双鹿眼真是好看，那天生就是要登大银幕的。
华盛顿樱桃树,3,1697,['2021-02-12'],好久没见这么饱和的视效大片，好过之前某版。陈坤周迅一出来就显得片子好贵，就想看这些老牌大明星啊。虽然周迅这次很花瓶，但陈坤真是这类角色做到了角色统治，披头散发太美了。
鬈毛毛,1,2097,['2021-02-12'],好久没在大荧幕上看mv了，观感不错，我这就携全家给郭敬明道歉去
已注销,1,1392,['2021-02-12'],"是看了想给晴雅集改分的水平。  
避雷：真正的男主是屈楚萧。"
sundaland,3,577,['2021-02-12'],一个老年重度熬夜患者，起大早去看电影看完真想吐血，见证了中年玛丽苏现场，博雅神乐强拉cp，阴阳寮战力拉胯，残血惨遭暗杀，各主角严重ooc，ssr就出了一个茨木童子，除此以外最厉害的居然是雪女和桃花妖，晴明还需要自己去打架，是请不演员吗，全程无高潮，是做不起特效吗，真的很无语啊，买票看的不就是各种炫酷结印，各路ssr互殴，不是看你赤身肉搏啊，庭院住的都是什么小辣鸡啊，还有，博雅是用弓的，真，无语
咪咕噜,4,929,['2021-02-12'],阴阳师死忠粉前来报道！是我喜欢的风格！本来以为真人版多少会有点违和其实并没有！满意子满意子，就是不知道凭票根能不能送ssr哈哈哈哈哈哈
仇丑,3,394,['2021-02-12'],天邪鬼赤演技碾压所有演员。
旭轮,2,2523,['2021-02-12'],男一屈楚萧女一沈月
今天也没有吃鸡,3,292,['2021-02-12'],万万没想到是我妈要求去看的，曾经痴迷阴阳师的我看到镰鼬想到日肝夜肝的过去，也太怀念了，庭院里的小式神都好可爱哦~天邪鬼赤和橡皮糖似的皮实，雪女出场造型还以为是青行灯，以为沈月小个子和圆圆脸演神乐居然挺合适，我爹看上了陈伟霆，我妈喜欢桃花妖，我想看看烟烟罗，酒吞童子，大天狗……结果只有鸦天狗emmm整个故事一般般很乱主题很多很复杂，前半段又要讲故事又要把人都凑齐，也是挺赶的
Eorl,2,1429,['2021-02-12'],虽然我是挺讨厌小四的，但不得不说这片子故事性没得晴雅集好，别洗了，说晴雅集好看的绝不会是因为小四啊，是这片太难看了。忍不住花了钱也想打差评系列。
LING,3,344,['2021-02-12'],强过晴雅集
Thomas,2,675,['2021-02-12'],有陈坤周迅，这电影能这么无聊也是厉害了👍
鳄梨绿的电冰箱,2,469,['2021-02-12'],我想用儿童文学作对比我都找不到叙事这么单薄的儿童文学 
天马星,1,1160,['2021-02-12'],大型预告骗，片方都不敢把主角印在海报，导致进场看到这个人一阵恶心，最搞笑的可能就是陈坤那句扣扣嗖嗖，某人戏里戏外的形象可真是一致啊。剧情《雪妖魔灵》化，服化道《捉妖记》化，打斗《奇门遁甲》化，整个二流奇幻电影垃圾回收场，这里真的要给《晴雅集》道个歉，你们的服化道+音乐+视效真的吊打竞对啊！
北岛淳子,4,720,['2021-02-12'],这么多年了，陈坤&周迅同框依旧是华语最舒适的银幕CP，爷青回很满足。晴明和百旎青梅竹马的感情早已超越男女之爱，是那种灵魂深处的彼此信任和守护，即便带到演员身上也很信服，这对角色塑造很重要，也是本片最重要的感情内核，比想象中更加震撼人心，几度动容。白发晴明梦回厂花，最惊讶陈坤的五官比以前更精致了，周迅的皮肤也是好到不行，太养眼了，都怎么保养的？
詩文,1,758,['2021-02-12'],竟然比晴雅集还难看
草原小妹妹,3,286,['2021-02-13'],你们用陈坤周迅把我骗进来，给我看屈楚萧沈月？？？白瞎陈周
白竹,4,636,['2021-02-12'],美强惨设定的晴明和陈坤不要太契合，如果论美的视觉效果，应该是春节档最强当之无愧。基本上符合对阴阳师的预期，老手游玩家看的还是挺爽的。故事节奏还不错，晴明献祭妖王，以肉身作为代价拯救苍生是高光瞬间，曾被世界背弃的人，回过头来又拯救世界，这个梗我白吃不厌。PS：陈伟霆的中二红发是亮点。
🐳🌟😋,1,667,['2021-02-12'],海报和宣传没有屈楚萧，结果电影里他是主演，比陈坤周迅戏份还多，这不是虚假宣传吗？
^^,4,523,['2021-02-12'],有陈坤和周迅就值回票价！
朱美玩泥巴,2,422,['2021-02-12'],好尬好无趣的剧情，主演屏幕上脸都略垮，四分之三时间都在打瞌睡。😪
Bununu,2,319,['2021-02-12'],……这剧情是用脚趾头想的吗……主角根本不是陈坤，是屈楚萧才对吧？这也不是晴明的故事，这是一堆配角的故事+捉妖记的故事，三毛特效+三流剧情，真不是我苛刻，几乎坐满了，但是我前后左右都感觉屁股长刺坐不住，狂打哈欠……多一星给厂花，希望他多点好本子
哈哈大笑,1,515,['2021-02-12'],导演水平还是很差 可以看见电影里面有模仿捉妖记痕迹 男主再一次重复厂花角色 不如晴雅集
Ruby,2,304,['2021-02-12'],实在太无聊了，太尴尬了
豆蔻年华,1,444,['2021-02-12'],啥呀。场面撑不起配乐。各种尬演，拍的太草率了。
莉莉瑞瑞斯,2,299,['2021-02-12'],诈骗诈骗！屈楚萧戏份比坤迅还多！活该扑街！
白目,1,417,['2021-02-12'],屈楚萧会接是因为想合法做s吧“我就是你的主人”。
希bo莱,3,219,['2021-02-12'],除了厂花、周公子，美且妖孽得不可方物，剧情比较平淡
软杏,1,389,['2021-02-12'],屈楚萧怎么还没糊🤮片方也是阴阳人，说好的主演陈坤周迅，结果摇身一变变成了沈月屈楚萧，陈伟霆的戏份还没屈楚萧多，这算哪门子主演？？？
烦躁蛋炒饭,1,364,['2021-02-12'],阴阳师玩家看了直骂街。犹如《千与千寻》+《哈利波特》+《我和僵尸有个约会》大杂烩。神乐选角烂到无比，不是矮就能演神乐的。源博雅人设改到仿佛一个冲动的智障。陈坤演啥都已经厂花化了。(说好看，值回票价的水军，你们良心不会痛吗？
StephenYKQ,1,357,['2021-02-12'],非常难看。非常差。刚开始还想说是低配版狄仁杰，我这么想真是对不住徐克。真的是恶心他妈给恶心开门。我没睡的唯一原因是快被气死了。离谱。好久没看到这么差的电影，第一次这么差的电影我还坚持到看完了。我以人格担保，《晴雅集》要比这个好看一百倍（我知道不是同一个本子）。怎么说，《侍神令》真的是一无是处，各种技术问题，故事、人物等等啥都完全不堪入目。这个黑化陈伟霆真的不如《爵迹》哦！不知道要用怎样恶劣的语言去描述这样一部电影——啊这也配得上叫电影吗？陈坤真的人间油物，这个傻逼还装逼的形象是他本人吧，突然好喜欢黄晓明了。最伤心的是要脱粉王博学了，干啥呢，给你ALEXA LF是用来跑焦的？隔壁《晴雅集》VENICE疯狂推镜头呢还……呕
三水,1,301,['2021-02-12'],"我后悔在开场五分钟想走的时候没走，有这么骗钱的吗？？？音乐服装做的浮于表面，动画特技创近几年影院观影最差，剧情就是 shit  ,   不等评分出来再看我就是🐶"
看个电影不容易,1,258,['2021-02-12'],陈坤周迅是喜欢的 但这个片子一言难尽… 仿佛看到了年前3.多的 赤狐书生… 比郭敬明还差！
有心打扰,2,223,['2021-02-12'],论人妖SM文化的博大精深，抖M对主人的一往情深，誓死相随。
？？？,1,213,['2021-02-12'],冲着游戏ip去的，结果大失所望，只能用四个字来形容：极其无聊🙄️
Margot芒果,1,235,['2021-02-12'],"啊这是在干什么……真的好难看啊……能不能别拍这中不中日不日的东西 违和感太强了 看得我浑身不适 一本正经讲什么阴阳师阴阳寮侍神令 感觉好中二啊主角其实是屈楚萧和沈月吧 屈楚萧演技真的 全程在干嘛啊 只适合演叛逆少年 稍微有点内涵的东西就演不出来 沈月更离谱 首先长得就很emmmmm其次全程都在莫名其妙哭 你哭什么啊我真的不懂 不是伤心难过不舍都是随便一哭就行了好吗？陈坤也完全没发挥吧 全程就是看我好帅看我好美看我厉不厉害 周迅中规中矩但逻辑太奇怪了吧 小时候就跟人家定什么侍神令占别人便宜还理直气壮 这能叫爱情吗？陈伟霆的角色也很牛逼了 谁敢信统治世界的初衷居然是渴望力量 我反正是服了论演技也就周迅王丽坤和绿色女配还行 其他人完全不知道在干嘛 总的来说是看了需要赔我精神损失费的程度"
邓安庆,4,394,['2021-02-12'],作为陈坤粉儿跑去看的，有一种看一部算一部的感觉，毕竟坤儿现在拍戏好少。这部电影里，他是半妖半人角色设定，哪边都是叛逆，哪边都不信任你，莫名地让我想起了《天龙八部》里的萧峰。陈坤的表演有张力。他有妖媚的一面，又有脆弱的一面，一抬头，一皱眉，情绪翻涌，颇为动人。看他与周迅的对手戏，合作得很是自然融洽。掐指一算，快二十年了！从2001年的《像雾像风又像雨》，到2008年的《画皮》，再到现在这部，这么多年下来了，还能一再合作，真好。
想去的远方,3,57,['2021-02-12'],拍这种奇幻片虽有原IP加持，但最重要的也是编剧和导演的想象力。从技法上来说还可以，虽说场面和剧情都缺乏丰富想象力，但是完成度总体还可以。周迅不出所料最大亮点，既帅又飒，演技还在线。剧情偏老俗，基本都能猜出下一步走向。部分场面、视效、运镜、打戏等技术方面偶有亮点，但也少有尴尬和低幼。不公不过，值得一张票钱吧。
后自愈,1,226,['2021-02-12'],啊这，屈楚萧其实才是男一吧，这是不是诈骗？整个剧情挺无聊的，一个三十分钟的体量延长到了两个小时，中间废戏废话实在太多。沈月在里面演戏是认真的么，跟闹着玩似的。某些方面还没有《晴雅集》做得好。
黑橙子,2,233,['2021-02-12'],烂得挠头。
我要你的哥哥,1,210,['2021-02-12'],什么玩意 一星都不想给 骗钱的大烂片 周迅陈坤以后别再吹什么演技派了 明明是骗钱派 赤裸裸的假宣传 这种欺骗观众欺诈消费者的行为难道不应该被抵制？周迅是老的没法见人了嘛 出场10分钟 就nm恶心🤢
豆友,5,380,['2021-02-12'],从演员到班底到剧本都非常值得期待的一部作品，所以早早的就看了，整体算是基本符合预期（本身就预期比较高了，毕竟陈坤+周迅+寻龙诀团队+阴阳师背景，太对我胃口了哈哈哈哈，针对不肝游戏的，如果喜欢看大场景的也可以考虑，画面很美值回票价
前苏联游魂,4,238,['2021-02-12'],这部片子对我来说意义非凡，因为我五六年前说过陈坤是国内最适合演阴阳师的人选，那时候他演了个钟馗；也曾许愿过陈坤陈伟霆合作，俩人亦正亦邪亦妖亦神雌雄共体的气质不合作一把合理吗；其三，继画皮后终于再次等到了坤迅粮，妖亦有情。一部片子同时圆满了我三个愿望。555神仙阵容我老汉落泪。
韦斯安徒生,2,218,['2021-02-12'],导演一旦拉胯了，什么阵容特效都拯救不了。
云深不知处,4,188,['2021-02-12'],视觉效果做的很好，故事情节连贯性比较好，不像晴雅集乱七八糟，人物表现方面演员都比较好，的确是周公子出来就觉得这电影好贵。总之最终打架那里boss死的太过于简单比较不足吧，但是我还是觉得比晴雅集那个到处裸男卖腐，衔接乱七八糟的垃圾片好多了。
招财旺运土壕金,4,150,['2021-02-12'],《侍神令》绝对是2021春节档最吃亏的影片。影片剧本是过硬的，而且在影片服化道美术风格上非常忠于原作风格。陈坤 周迅 屈楚萧的表演特别给人惊喜，周迅有几次把我惊艳到想在影院尖叫。在对非现实魔幻风格的创作中，电影团队请到了日本工作人员，让众妖怪格外可爱，萌感超乎预期的达标。唯独的失败之处可能就是一些段落会让人不自觉地联想《千与千寻》和《哈利波特》，最后的正邪大战还有点像在看《超人归来》和《超人钢铁之躯》……可是瑕不掩瑜，这依然是一部非常出色的东方魔幻大制作。魔幻片现在的市场太需要被拯救了，《侍神令》是很值得去影院看的，而且团队没有因为宏大场面就胡乱转制3D也非常良心。必须要为2021春节档最吃亏的影片摇旗呐喊一下，希望能有续集！
Camusholic.,2,181,['2021-02-12'],侍神令搁这玩sm呢，再看陈坤对周迅说你是我的主人我就要死了
蛋挞王子,2,172,['2021-02-12'],扑街无疑，连捉妖记一般的水平都达不到，主角？我想一定不是周公子和陈坤啊，感觉有1/5的时间都处于不露脸的状态，我接受不了！阴阳师文化我也是难有共鸣，Boss的造型也是丑哭，真的不知道看点是啥，两颗星是给我赶8点场的鼓励吧，唉…难过😫
不是假发是莉酱,1,180,['2021-02-12'],看得我头皮发麻胃酸翻涌
郭大侠,1,181,['2021-02-12'],难看的呀！
Tailer,1,166,['2021-02-12'],要剧情没剧情，要场面没场面，要特效没特效。一个海坊主的破楼，三次打架都用一个景。全部妖怪，要不是冷兵器，要不就是纯肉搏，你们的妖术呢，里面就雪女和桃花妖能看的过去，你起码跟游戏里的特效有点关系吧。白瞎大IP了，全篇一股子廉价味儿，我服了，桥断了妖怪来人间的路就断了，我真的拜托编剧动动脑子啊，周迅和陈坤救不了了，大家没买票的快跑吧，求了
一阵雨,3,55,['2021-02-12'],角色最完整的是屈楚萧，自身故事线完整，有成长，结尾都是以他的视角。周迅和陈伟霆更像是特出，角色都很扁平，性格转变也很突然，没有发展空间。沈月发挥不错，得益于角色适配。其他配角中规中矩。陈坤很可惜，妖感过重导致在演七年前时很突兀，而且因为剧本的缘故，晴明整个人物都很平。电影特效制景很好，但妖怪形象太过《捉妖记》，导致与真人共存太过割裂，不过好在很灵动。与《晴雅集》的区别就在于这部重点在描述妖和景，小四重点描写人和情。两者如果可以取长补短，应该能更好完成这个IP。
半生少年游,1,186,['2021-02-12'],真的，您工夫影业拍的真就不如郭敬明！郭敬明好歹还知道把画面做的漂亮，好歹还有个故事，故事还给你设计个悬念起伏，您这，毛都没有！周迅那角色存在的意义是什么？专门死给我看的吗！屈楚萧沈月那俩角色存在的意义是什么？对您最后的结局有啥推动作用？纯展现世界观的吗！我去，晴明还一见面就给源博雅绑个侍神令，沈月就一下子抱大腿哭着喊着我也要我也要，真他妈让人呕吐。卖腐也不是您这种卖法！更垃圾的是，后来又说不是。我呸！您就是既想当婊子又想立牌坊，既想卖个cp，又不好意思直说，您还不如郭敬明坦荡！最无语的就是陈伟霆那角色。我靠，美术造型直接拉出去喂狗，丑到爆！还有陈伟霆自己，能不要再扭捏个头装妖冶吗！辣眼睛！郭敬明是明摆着告诉你我就是卖肉。您这，卖肉都没人想看！呕！
TONG≥り,1,162,['2021-02-12'],看得不堪一击，牛头不对马嘴
金魚花火,1,166,['2021-02-12'],难以置信的差 竟然比晴雅集都差很多 说是根据游戏改编 既没有游戏的故事 也没有游戏的人设 角色名字改的乱七八糟 美术不及晴雅集华丽好看 音乐跟游戏一样是梅林茂 然而配乐在电影中也显得平凡无奇 晴明跟八百比丘尼谈恋爱 博雅跟神乐搞暧昧 整个都是直男编剧无根无据的胡编乱造 节奏拖沓 台词粗糙
饮泽,2,171,['2021-02-12'],中国导演在拍烂片的路上一直都很努力，如果不是有周迅陈坤这两个名字，电影两星都不配
米兰核心丹尼尔,2,115,['2021-02-12'],这剧本写的还不如郭敬明感人，而且两妖对垒居然是拼刺刀和拳击？
冬 寂 網 路,1,127,['2021-02-12'],不知道如何评价，本地化真人版可能是阴阳师做过的最坏的决策，敢肯定《阴阳师》手游玩家们肯定不喜欢，梦枕貘粉丝们不会喜欢，一般路人看完也就图一乐，高配版《捉妖记》desu。
华夏骄子,1,142,['2021-02-12'],看了十分钟退场了，陈坤演啥都是一副娘炮样子，陈伟霆毫无演技拖后腿，一分给周迅
飞翔的鲸鱼,1,163,['2021-02-12'],陈坤大妈和周迅大妈实力劝退
有鱼,1,144,['2021-02-12'],我能说还不如《晴雅集》吗？美术特效都是5年前的水平，跟隔壁《刺杀小说家》一比实在是差太远。屈楚萧戏份远比你想象的多。
晴天,1,128,['2021-02-12'],和晴雅集差不多，但看完后感觉还赶不上晴雅集
地夜,1,113,['2021-02-12'],审美比不过晴雅集，妖怪跟捉妖记似的。
串线串到峡谷,2,151,['2021-02-12'],本来以为坤哥迅姐一番位 戏份应该很多 多加了屈楚萧这个丑男好多毫无意义的戏 俺吐了
小伦桑,1,122,['2021-02-12'],我服了！！！作为五年玩家！为什么要这么伤害我
室内滂沱,4,116,['2021-02-12'],万物有灵且有神采，尊重天地间的任何一方生灵，是此类奇幻故事的价值核心，《侍神令》里最有趣的是让各种丑萌丑萌的小侍神都活起来。“阴阳师”世界观里的“妖域”看上去更像是一个“资本自由市场”，它当中充满了莽撞的市井气，被来自人域的主角所目击，亲眼见证从前被建构出的敌手并不是那么可怕，是一次重要的阅世经验，故事主角是陈坤、周迅，但它更多是站在青年一代的视角去看这个壁垒森严的被划定世界。因来自于游戏IP，片中角色在攒大招、出大招时，镜头拍摄的角度，和他们的身姿pose，都有种破次元的感觉，这和通常的电影标准并不一样，能理解影片的“内味儿”，大概就能知道某些动作设计和人物关系的处理因何会是这样的。有时真想再变回少年，心无旁骛地让自己陷进这个虚构世界当一次飞行在空中的救世主。
废话大王万树里,2,123,['2021-02-12'],😅不知是我的期望太高还是本身就烂
wayne,2,126,['2021-02-12'],陈坤越来越油了，演什么都是一股阴柔雨化田的味，周迅也确实老了，剧本太拖垮，就特效还行，相比之下第一次觉得郭敬明版的居然还不错
Junoyet,1,123,['2021-02-13'],买票是我的错，拍这个东西出来是你们的错。
野航,3,61,['2021-02-12'],我觉得还不如晴雅集……
水晶乌鸦,4,98,['2021-02-12'],观影体验舒适，完成度很高，视效应该算得上是华语奇幻片的巅峰，个人觉得是春节档必需到影院看的奇幻大片了。也很适合和最亲近的人一起，感受和体悟关于羁绊的含义。最喜欢的依然是百旎和晴明之间的羁绊，贯穿了两人的一生。侍神终身为主，但主人也为侍神护佑，这种感情是超越友谊与爱情的存在。灵魂相交、生死与共，结合陈坤周迅二十年的至交友谊看，让这部电影整体的故事和情感表达都升华至了华语大片顶级水准。
Helle,2,92,['2021-02-12'],好莱坞类型片的一锅乱炖，还不及游戏文案组水平的十分之一；美术也混乱不堪，没有统一审美。两星都已经是友情分了。一百多的票都不如买个典藏皮肤了，摔！
没有感情的机器,2,91,['2021-02-12'],主仆SM调教，比《捉妖记》更低幼，比《晴雅集》还荒谬。
我说你去哪了,1,121,['2021-02-12'],屈楚萧这个烂人在里面像主角一样。最后，真的不如晴雅集。
消亡之人,1,121,['2021-02-12'],"2021年第一部电影是这部真的会让人觉得中国电影永远都没希望了。
问题太多太碎，不知从何说起。几乎有过往的中国奇幻电影犯过的所有的问题，很惊讶直到今天还是这样的。
最大的问题是毫无想象力，最有想象力的部分可能是让一群妖怪进行物理战斗，连接人妖两界的桥梁竟然是可以用嘴啃断的。
几乎是一种滤镜式创作，古代的、日式的、妖界的滤镜，甚至滤镜的效果和美学风格也是不统一的。
最烦的问题是对节奏完全没有把控力，战前陈词的时候屈楚萧插科打诨，仗打到一半再来慷慨激昂，说话的功夫够他死几万次了。"
诸葛亮,1,108,['2021-02-12'],看到睡觉💤不喜欢
小丸子的假期,4,701,['2021-02-12'],四🌟给周迅，给这位典型的人保戏的演员。百旎这个角色凭心而论确实不好演，戏份少不说，如果换做其他任先不说根陈坤的晴明能不能有cp感，一定是一个很没存在感的角色，但是周迅来演了，所以角色活了，她的台词一出，声音搭配这张脸，整个画面都精致贵了起来。
doll well,4,87,['2021-02-12'],特效做得真好，数字角色的精细程度真的服了。被侍神又戳萌点又戳泪点的，心都化了，请问哪里可以领养一只这样可爱的侍神？
沁言子,1,98,['2021-02-12'],这部根本就没有买原著版权，只是买了游戏版权，而原著作者说了从来没有授权给游戏，最烦这种操作了！！我求求陈坤挑几部好点的电影吧，别再营销美貌了！那是没演技的人干的事！你不年轻了！多演点良心之作还能冲冲奖，一个大奖都没有，不尴尬么？？
山吹绿,2,91,['2021-02-12'],后半段简直不能看，角色集体降智，阴阳师打得跟超级英雄一样
二月鸟语,1,79,['2021-02-12'],3.8/10，一星半。意料之中，一部视觉系片子，太无聊了。说实在的，剧本还不如郭敬明的《阴阳师》，游戏改编还是没有原著改编靠谱！但服装和美术做的不错，可以加1分。屈楚萧的演技太尬了....给沈月加1分，就酱～（郭敬明阴阳师一星，这部其实不相上下，但综合上可以多半星）
tree.,1,112,['2021-02-12'],巨难看，妖怪像西游记的狮驼岭群演，毫无美感，剧情问号，我给郭敬明道歉🙇
你在南我在北,5,262,['2021-02-12'],晴明、雪女、百旎，当看到熟悉的人物具象化了的感觉很奇妙。原本是不喜欢自己喜欢的IP被影视化的，是因为选角跟拍摄总是让人吞了苍蝇般难受。但是陈坤、周迅还有什么好挑的呢？简直不能更完美了。感谢网易用心对孩子。
已注销,4,96,['2021-02-12'],陈坤拿的可能是迪士尼公主剧本，magic hands magic hair 还跟小动物说话，还要跟恶龙做交易。多拍两部片吧产量太低对不起这个脸
別演戲（Don't a,1,95,['2021-02-12'],🥱看睡着了
哪吒男,1,48,['2021-02-13'],送给SM爱好者的格言：找不到好主人，就去当别人的主人！
llkoopp,1,90,['2021-02-12'],"看之前就知道是炒日本冷饭，也已经充分做好了唐风＝东洋风的心理建设。结果还是被这部片子的骚操作闪瞎了双眼。
本片又名《漫威宇宙之中美两开花》，开场长的和火箭浣熊一模一样的妖精让人大开眼界。中段博雅和赤炎的打斗完全复刻索尔与绿巨人在罗马斗兽场的摔跤比赛。并且把绿巨人变成了“红巨人”。到了结尾揭穿阴谋，原来是一个类似红骷髅的反派想要拥有无限宝石（鳞石）的力量而引发了一系列的骚乱。
所谓高潮戏的界桥大战是烂到令人发指的小孩过家家，捞钱的吃相实在是令人作呕。
大过年的，一星全给屈楚萧。他本人的气质与这部动不动“认主人”的影片达到了完美的吻合。当他对沈月说出“绑着你是为了保护你”的时候，他的sm性癖已经昭然若揭。
"
笙歌欢颜🍃,1,85,['2021-02-12'],好难看
没节操冻柠茶,1,75,['2021-02-12'],如此潦草。。。感觉把一部48集连续剧塞进2个小时电影中，什么都没交代明白，啥都没讲清楚，人物情感转折那叫一个生硬。白瞎了好演员，浪费了好ip，看得我都想卸载游戏！！
轻薄公子,1,72,['2021-02-12'],特效一分，陈坤周迅王丽坤沈月镰鼬等妖怪一分，编剧-1分，这是我唯一觉得公正的东西
湫🐔,1,70,['2021-02-12'],一星给2D，没了，zyj2都比这儿下饭
utism .,1,59,['2021-02-12'],我没想到竟然比郭敬明的还要难看😓
Zooey,1,64,['2021-02-12'],一星给美术
金鱼多喝水,1,58,['2021-02-12'],建议改成博雅传，周迅全程躺着歇菜，剧情各种作，逻辑还能漏洞百出一点吗？请所有骂过晴雅集的出来道歉谢谢。
正义B胜,2,74,['2021-02-12'],也不知道该怪李蔚然太无能，还是张家鲁太懈怠，又或者，纯粹是奇幻这个类型气数已尽？但是，陈坤周迅海仙楼斗法那段还是很好看的啊，说白了，就是现在中国电影人的想象力，也只够撑个十分钟呗。
森林海33,1,59,['2021-02-12'],被晴雅集吊打！
背影,4,354,['2021-02-12'],前几天在家看如懿传，周迅演技太好了，她饰演百旎就是最佳的选择！她的灵气就真的很适合这种奇幻风格的电影，一个眼神就将我带到阴阳师的世界里！姐姐杀我！
淡水无香,4,69,['2021-02-12'],完全服务于游戏粉也符合大众审美的高水准作品，看着晴明满中庭的小妖怪们立刻重新下载回游戏再抽个SSR回来，大家亦步亦趋的跟在晴明后面的样子太可爱了，特效可以称得上国产奇幻片之光，数字角色真的是做得非常细致，细节完全经得起推敲，大银幕看太惊艳了。配乐超级好听，不愧是梅林茂，想要原声碟ost的水平，守护平京城的大场面也很带感，结合人妖生死与共抵御外敌的情感燃到想飙泪，视觉效果算是近年来华语奇幻片中特效最好的一部了，值回电影票。
法罗岛帝国皇后,2,68,['2021-02-12'],对不起迅哥和厂花，但是郭敬明真的赢了，最喜欢的是屈楚萧，人品在男性荷尔蒙面前不值一提（那个妖怪是《银河护卫队》的浣熊?）
轻薄公子,1,72,['2021-02-12'],特效一分，陈坤周迅王丽坤沈月镰鼬等妖怪一分，编剧-1分，这是我唯一觉得公正的东西
陈.Jn,5,112,['2021-02-12'],作为一个资深阴阳师和决战平安京玩家，看到这部电影觉得完全看不够，里面的人物和环境设定都太还原游戏剧情了，陈坤演出了晴明一丝妖气，各个N级小妖怪都好可爱啊～我会再看一遍的！真的棒棒！
想去的远方,3,57,['2021-02-12'],拍这种奇幻片虽有原IP加持，但最重要的也是编剧和导演的想象力。从技法上来说还可以，虽说场面和剧情都缺乏丰富想象力，但是完成度总体还可以。周迅不出所料最大亮点，既帅又飒，演技还在线。剧情偏老俗，基本都能猜出下一步走向。部分场面、视效、运镜、打戏等技术方面偶有亮点，但也少有尴尬和低幼。不公不过，值得一张票钱吧。
湫🐔,1,70,['2021-02-12'],一星给2D，没了，zyj2都比这儿下饭
utism .,1,59,['2021-02-12'],我没想到竟然比郭敬明的还要难看😓
狗花儿妹妹,4,73,['2021-02-12'],"超出氪金游戏er预期，并没有拍得很暗黑，甚至还有点童趣。陈伟霆演反派太有那味儿了，要不真的浪费了这张亦正亦邪的脸。没玩过游戏也不影响观感，甚至有很多小惊喜，晴明家小妖们的造型都设计得好有特色，特别逼真，数字角色的精细程度堪比好莱坞大片，圆滚滚的鬼赤不要太可爱！故事看完还有点意犹未尽，电影结束不要着急离场，有彩蛋。
"
Zooey,1,64,['2021-02-12'],一星给美术
郭连凯,4,43,['2021-02-12'],同是《阴阳师》改编，正经电影人来拍真的好太多太多了，最惊艳的肯定是世界观和美术设定，《侍神令》的妖摆脱了妖就一定是“恶”的这一刻板印象，甚至影片中两处最大的泪点，都是人和妖之间的情感羁绊所引发的，美术设定上也非常值得细究，融合了游戏设定和东方美学，有许多唐代建筑的影子，可信度极高。虽然结尾部分大战没能展开略显遗憾，但一张电影票，还是非常值得的。
一阵雨,3,55,['2021-02-12'],角色最完整的是屈楚萧，自身故事线完整，有成长，结尾都是以他的视角。周迅和陈伟霆更像是特出，角色都很扁平，性格转变也很突然，没有发展空间。沈月发挥不错，得益于角色适配。其他配角中规中矩。陈坤很可惜，妖感过重导致在演七年前时很突兀，而且因为剧本的缘故，晴明整个人物都很平。电影特效制景很好，但妖怪形象太过《捉妖记》，导致与真人共存太过割裂，不过好在很灵动。与《晴雅集》的区别就在于这部重点在描述妖和景，小四重点描写人和情。两者如果可以取长补短，应该能更好完成这个IP。
金鱼多喝水,1,58,['2021-02-12'],建议改成博雅传，周迅全程躺着歇菜，剧情各种作，逻辑还能漏洞百出一点吗？请所有骂过晴雅集的出来道歉谢谢。
B-B-B-Side,5,58,['2021-02-12'],"陈坤太像晴明了吧。跟游戏里的样子跟气质都很像。有种清冷又刚正不阿的正义无私感。越是“无欲”越是让人看了很着迷。还是大明星好啊。
"
野航,3,61,['2021-02-12'],我觉得还不如晴雅集……
零度倾斜,2,50,['2021-02-12'],两星不能更多了，一星给迅哥，一星给陈坤，这么多年过去他俩依然是顶配啊……如果不是他们我也不会去电影院看了。然后，就知道《晴雅集》其实更良心制作吧。
巨型犬,5,80,['2021-02-12'],看了最早的一场！！！阴阳师老玩家了，也是深度电影迷，双厨狂喜啊啊啊啊！我真的好喜欢晴明庭院，这就是我想和侍神生活在一起的地方。可惜没有我的亲女儿妖刀。不过电影拍的时候是三年前，可能那时候没有刀妹吧呜呜呜，求第二部！！
森林海33,1,59,['2021-02-12'],被晴雅集吊打！
朝阳区陆依萍,2,59,['2021-02-12'],最终还是拍成了《捉妖记》2.0～
小太阳,1,69,['2021-02-12'],挂羊头卖狗肉
李涛,1,50,['2021-02-12'],"失眠患者入睡良药
看完第一个想法：人生中还有夸郭敬明的时候，世事难料"
铁马冰河皆是你,4,51,['2021-02-12'],回坑阴阳师的时候恰好赶上电影上映，绝对超出预期了。一直特别满意陈坤的选角，古装造型非常惊艳，表演和气质都非常契合。《寻龙诀》的班底绝对是视觉享受，陈国富和张家鲁确实非常清楚观众喜欢什么样的国产奇幻大片，也一直在开拓华语大片的边界，这部绝对是近年来华语奇幻片的天花板了。痒痒鼠的骄傲，戳中游戏粉情怀，还是一本骄傲的。
小黑,2,56,['2021-02-12'],主人的任务罢了
范特西的橘子,2,56,['2021-02-12'],实在不能说好看，为了陈坤和周迅将它选做大年初一的第一部春节档电影，却感觉屈楚萧和沈月这两位争议满满的演员戏份更多。妖怪延续《捉妖传》里丑到不忍直视（可能是为了贴合手游？）陈伟霆的帅脸也没有震住巨丑的红色假发。一分给布景和特效。
汉江派大星,1,51,['2021-02-13'],这………比晴雅集可差多了 某人顶着个老脸没演技还装嫩 感觉周迅被坑了
热带口香糖,1,56,['2021-02-12'],无比煎熬的两个小时，工夫影业强捧资源咖超标了……简直靠同行衬托，比《晴雅集》差多了，小四做梦都要笑醒。
小鸭鸭,1,59,['2021-02-12'],离《晴雅集》差远了。。。刻意安排的笑料很尬，剧情乱七八糟，人物的感情莫名其妙
飞兔子,4,47,['2021-02-12'],"这么多年再看周迅和陈坤这对老搭档搭戏，还是只想说：“这两人真是配一脸啊我敲”，台词和眼神太到位了，每次眼神交汇都是戏啊
"
12 Seconds,2,59,['2021-02-13'],晴雅集都比你好看一百倍，我寻思屈楚萧才是主角？？
ZimaBlue,2,39,['2021-02-12'],华丽空洞 还要说啥 还不如晴雅集
Tonbo,1,52,['2021-02-12'],恶心到想吐
513tattoo,1,38,['2021-02-12'],真是拍得好难看啊，什么稀烂的故事。美术不错，但细节真是经不起推敲。陈坤周迅毫无用武之地，完完全全浪费。
胖砸,5,41,['2021-02-12'],呜呜呜，越看我也越想有自己的侍神，结下侍神令，就是我的人的那种，至少他不会背叛和伤害我，可以永远放心的把后背交给他
🏰🚏🚂,2,61,['2021-02-12'],大型挂羊头卖狗肉 陈坤真的是大男主吗？？ 周迅戏份有屈楚萧多吗？？ 陈伟霆出来有半个小时吗？？就无语…
豌丸碗旺,2,52,['2021-02-12'],春节档都没有特别想看的，就掷骰子选一部看了，迅哥儿和厂花没得说，但掩盖不住这电影的糟糕，劝告就是去影院前先看看导演以前拍过什么片子，这可以规避大部分烂片，某些镜头和转场真一言难尽……最后的打斗看得我和朋友在影院笑得好大声，失礼失礼，没想到竟然是喜剧片
颜魔爱3333,1,60,['2021-02-13'],这超级烂片给0分一星都不想给！！真的烂，大烂片，烂到家了，这完全是搞假的误导大家！不知道能不能举报！我是很喜欢阴阳师题材的，每个版本都会去看，本人女，喜欢的女明星很少周迅算一个，结果尼玛看了个寂寞，剧情也烂的一 p和游戏没关系
据说明天有雨,4,54,['2021-02-12'],"晴明和百旎的情感真让人唏嘘，这两个角色让陈坤周迅来演太合适了，我很难想到还有谁能演绎出这种灵魂至交的感觉的。
"
靖九,2,55,['2021-02-12'],是诈骗吧是诈骗吧是诈骗吧，屈楚萧可以滚蛋吗，两星给戏份少得可怜的周迅
Will丶,2,48,['2021-02-12'],植物大战僵尸？
毒舌列文,1,56,['2021-02-12'],看完感觉“春节档票房第一扑”也是这部片了吧！整部影片在故事、角色、情感、逻辑上都不如郭敬明的《晴雅集》，甚至连结尾高潮大战都完败给《晴雅集》，高潮特效大战连一点刺激爽快的视听冲击力都营造不出来，你不扑谁扑呢？本片在故事层面最大的失败是分出陈坤周迅、屈楚萧沈月这两拨人讲故事，结果哪一拨的故事都讲得浮皮潦草、毫不精彩，某人黑化更是缺乏足够动机，最后晴明靠谈判“谈赢”妖王也显得很扯，逻辑合理性上也完全不如同样是谈判“谈赢”大Boss的《奇异博士》！
跳水青蛙,1,37,['2021-02-12'],太难看了太难看了
花开几何,4,46,['2021-02-12'],老《阴阳师》玩家一本满足，从开拍选角到最后的成片都完全满足预期，目前确实是神仙阵容了。能看出整个班底对这个IP的尊重，陈坤和周迅这对老搭档多年以后再合作，比画皮的时候更多一分游刃有余和默契，几十年的感情包裹在侍神和主人的强设定下，多了一重更深层次的陪伴和守护。相比其他同档期影片，《侍神令》多一分温暖和治愈。
W,1,52,['2021-02-12'],哎呀，白瞎了陈坤周迅两位演员了，这两位从这部电影开始在我心里走下神坛了…还不如郭敬明的晴雅集能让我看得下去。就说沈月这演技，她是来玩儿呢？到底谁是主演来着？以为是陈坤，但是貌似是叫屈楚萧的（百度了才知道这位演员）。还有后排的小朋友，一直讲话忍忍就算了，还一直扑腾，总之这部电影观感极差。
灰尘埃,2,43,['2021-02-12'],我一个非游戏粉丝一开始看觉得前面百分之50挺好的：特效华丽不说，不带玩家滤镜看各位式神没觉得有什么不适，可是剧情进行到后半段，人物情绪反应突然加速导致拉跨，看一个ssr带着一个sr搞得阴阳寮天翻地覆不说，最终对决时杨婆婆化的厂花居然是靠体术而不是法术获得胜利：硬生生地超人飞天+黑虎掏心赢了boss😏最后还好意思暗示号召玩家回归...emmm我可能不会想入坑了
⊙o,4,47,['2021-02-12'],冲着周迅去的，不过她的剧情和表演都算中规中矩。陈坤很适合这种角色，他的表演就和他的剧照一样让人惊艳，举手投足间都是亦正亦邪的气质。另外，比一施法就脱上衣的某同类影片好太多，不论是剧情还是特效。
周也yeah,2,45,['2021-02-12'], 迅姐一颗星 坤哥一颗星 沈月太丑了 看不下去
zts,4,48,['2021-02-12'],极具文化意蕴的东方美学，融合超越想象的电影工业技术，《侍神令》为观众呈现了一场不可多得的视觉盛宴，陈坤周迅领衔的充满魅力的好演员的精彩演绎为作品增添了看点，深情与温情并重的故事交织碰撞出强烈的节日欢庆相聚的氛围，好的奇幻电影成在视效，胜在故事，《侍神令》可称国产大片在游戏改编领域的新的标杆
Soooowhat,1,47,['2021-02-12'],辣鸡中的战斗机。
芦哲峰,4,29,['2021-02-12'],同样是晴明，碾压郭敬明。喜欢陈坤的邪魅感，和周迅的帅，二位别来无恙。
深藏blue,2,40,['2021-02-12'],一分给红发陈伟霆茨木，有被帅到，一分给白发晴明坤哥厂花，不能再高了。
jd2007,1,42,['2021-02-12'],吹大了
明日疏雨,2,46,['2021-02-12'],"知道百旎出事了晴明都没去看一眼？一个人怎么能让雪女认主人的？凡胎怎么能炼成妖体的？没了侍神令的妖们何去何从晴明怎么不管他们了？百旎就算是暂时性休克，缺氧那么久起码一天了都没死？妖除了雪女全都只会物理攻击？界桥断了不还有能飞的妖怪能来去自如？和百旎对战时晴明既然要逃怎么不用传送阵？……
另外，神乐和源博雅是真惨，在电影里硬是被塑造成了傻白甜和中二少年，兄妹情发展出了感情线……电影里这俩角色尴尬得不行，源博雅净会逞强惹事，神乐净会瞪眼睛喊主人，一堆侍神都没她会撕心裂肺喊主人。"
乙,1,36,['2021-02-12'],我当场就tm好家伙，雷神阿斯加德彩虹桥传送门➕亚当斯一家那只到处跑的断手宠物thing➕黄龄版雪女➕千与千寻妖城➕茨木丑毫无气势没有技能并且装扮一看就是废物➕晴明的n卡式神们都不放技能靠肉搏➕想收晴明做小弟的八岐大蛇做了晴明的式神➕晴明收了八岐大蛇之后变身超人头锤茨木=我tm看完都不想说话回家之后越想越生气
陀螺凡达可,2,20,['2021-02-14'],过度炫耀和依赖特效（以及CG角色），整部片就像由一段又一段的特效动作戏拼贴而成，这些段落之间串连着铺满配乐且空洞虚假的对白戏。而且和晴雅集一样始终都端着，企图借此提升厚重感，但剧本的空洞乏味只会更让人觉得装逼且有距离感。所以不管上演着看似多么宏大的特效/情感大戏，演员看起来多么撕心裂肺，最终也都只是泛滥到令人厌倦的奇观奇景。
墙角一枝梅,4,44,['2021-02-12'],游戏粉大银幕的骄傲，当独眼小僧，山兔，涂壁，铁鼠，河童这些小妖一出场，瞬间梦回当年抽卡的岁月。曾经弃之如敝屣的卡面成为生动的小朋友们，一下子就建立了难以割舍的感情。还记得第一个高级卡是雪女，最美的是桃花，最少年气的是鸦天狗，当游戏里的崽们集体冲锋陷阵为晴明而战的时候，真心热血沸腾！这难道就是妈粉的蜜汁骄傲吗？
风花雪月,4,175,['2021-02-12'],周迅掐脖子那段戏掐的青筋暴起看得我心疼，听说周迅还要求工作人员加大力度，好的演员就是这样吧
M26,2,39,['2021-02-12'],只有我一个觉得不如晴雅集么 我们是想看陈坤和周迅cp的 不是想看屈楚萧跟沈月组cp的 周迅全程打酱油 除了特效 剧情完败晴雅集
江晚正愁余,1,40,['2021-02-12'],画面不如郭敬明版，虽然郭敬明版也很差。
超人,1,35,['2021-02-12'],陈坤那自恋狂的样子，让我想起了一句话，越缺什么越要秀什么，自卑的人才自恋，加个迅哥儿，俩人毫无新鲜感，片子也不伦不类
大头小蟹,1,34,['2021-02-12'],烂到看睡着了
喵老师2333,2,27,['2021-02-12'],陈坤再年轻个10岁，就是100分的晴明，最后白发的质感太差，衬得陈坤也苍老了太多。1500+天签到老咸鱼，看了个寂寞。整部电影过时得就像陈坤周迅陈伟霆，你能说他们不帅不美吗？可惜都是上个时代的事情了。
栞皁峣,2,34,['2021-02-12'],真的，还不如晴雅集。讲真片方做这烂污，也就等着几位主演巨星的粉丝加足滤镜控评水吹了吧。
伊万卡,5,41,['2021-02-12'],从《像雾像雨又像风》到《画皮》再到《侍神令》，周迅陈坤的默契在这部电影里演绎得淋漓尽致，一个眼神一个动作，真的是演技炸裂
coolin,5,37,['2021-02-12'],	晴明的成长线真的太感人了，舍小我成全大我，自问我是难以做到，全片最心疼的就是晴明了，另外陈坤的演技真的炸裂，就是晴明本明
画船听雨眠,4,46,['2021-02-12'],啥也不说了，姐妹们，买票吧，二刷二刷走起！这颜值，这特效，要是电影院有弹幕，估计满屏都是我的感叹号和老公。
YGVUHBI,1,51,['2021-02-13'],真的服了屈楚萧这种人还找他拍戏！资本的力量吗？
sara,5,40,['2021-02-12'],"一直在期待《侍神令》，终于要上映了。《阴阳师》真是网易爸爸的亲儿子，看的出很珍惜这个IP，做的也是相当用心。自信打磨的作品跟割韭菜的爆米花片一看就是不同的。很值得来影院细细品味。
"
李圣经,4,30,['2021-02-12'],"晴明由陈坤饰演真的太合适了，谁不想做晴明手下的小侍神呢哈哈哈。对玩家来说侍神令真的是视觉享受，好像玩过的游戏人物都活过来一样。
"
呱唧,5,69,['2021-02-12'],去之前看到网上一片贬低之声还有点担心是钟馗2.0，结果看下来十分惊喜。网上那些带节奏说是捉妖记2，特效垃圾的估计都是水军。实际上故事剧情简介流畅，没有bug，陈坤的晴明特别帅，周迅也好美好美，桃花和蝴蝶也都很好看，还有那群小妖怪真的是看的出来的特效精良。应该是喜欢奇幻视觉效果类爆米花片的不二之选。开场旁边左右都坐了五六岁的小朋友还担心没法看，结果剧情一开始原本吵闹的小朋友全都安静下来看电影了，好笑的地方还挺多的。
夜路微雨,2,32,['2021-02-12'],比刺杀小说家差了120个晴雅集！伏地魔看了要流泪，蜘蛛侠2看了直呼内行！只能吹cp吗？拖沓的节奏，尴尬的台词，这武术指导是体育老师教的吗？这特效还是中国奇幻电影元年吗，放电视剧上都快过过时了吧。服化道真的用心了吗！我是来看百鬼夜行的，不是来看沈月吼叫卖萌屈楚萧扮蠢卖傻的！
振华的小颖子,5,32,['2021-02-12'],特效不错，周迅的演技从来就没让人失望，真的很棒，配色也挺舒服
waaaaaa,5,53,['2021-02-12'],"好看好看好看 动漫真人化 有一瞬间以为自己在看千与千寻  和小伙伴在电影院里直呼有趣 每个角色都给人惊喜感 比如沈月 演得很好呀 还有守庭院穿绿色衣服的蝴蝶神 水灵灵的好漂亮！！！陈坤周迅就不用讲了 冲他们来看的 不错不错！！！
新年第一部电影！满足！"
HAL,1,30,['2021-02-12'],这是个什么玩意
方尼可,2,37,['2021-02-12'],没看过原著，也没玩过游戏，但起码这一版晴明和博雅的故事线是能让人接受的。片子走了较为保守和标准的魔幻片路数，就是没有惊喜，反派生硬且无脑。情感方面做得还行，对“侍神”羁绊和忠诚的展现还是会有让人动容的地方。
甜栗叶x,2,28,['2021-02-12'],什么烂片
I want free,2,31,['2021-02-12'],"我以为的侍神令：大天狗，妖刀姬，玉藻前，山风，小鹿男，白藏主，一目连，酒吞童子，茨木童子，荒川之主，两面佛，青灯行，花鸟卷等众多ssr大乱斗。
实际上的侍神令：人设全改，人气ssr基本都没出，只有几个sr和一堆r撑场子，俗套的爱情拯救正邪的电影，就连陈坤和周迅的演技都拯救不了。
游戏fans不要看，小说粉也不要看，演员粉可以看看，打分的话……4/10不能再多了……
最后博雅这是要和神乐谈恋爱的节奏？？？醒醒啊，这是要骨科啊！"
俺要吃糖,1,33,['2021-02-12'],为什么花那么老多钱请那么多明星拍这么个玩意，还不如小四的晴雅集
有韵律的头发丝,1,32,['2021-02-12'],捉妖记3难看
泽尻茱莉亚,1,33,['2021-02-12'],太难看了，而且太恶心了，剧情就不说了，根本没有，审美也根本没有。
每天都犯困,1,34,['2021-02-12'],不好看！➕10086
一夕,2,30,['2021-02-12'],"最可怕的是
这个居然要拍续集
瑟瑟发抖"
煎个蛋吧,1,35,['2021-02-12'],比郭敬明还差
晚不安,2,22,['2021-02-13'],无聊应该是最大的问题，没有特色在春节档最为致命。郭敬明让晴明和博雅卖腐，光膀子打架也算在贩卖男色的路子上赛出了风格和水平；而《侍神令》可供玩味的，或许只剩陈坤和周迅的关系了？戏外二十年友谊能用主人和式神同生共死的理论去解释不？剧情是那种中式魔幻片打包批发的阴谋论，特效融合了《捉妖记》的萌系和《钟馗伏魔》的辣眼，也算是各打五十大板。你说电影人花这么些年在一个空洞的项目上不觉得浪费生命么，或者只是一份揾食的活计罢了。
忱子、橙子,1,33,['2021-02-12'],无论是痒痒鼠玩家还是电影观众，站在任何角度都给不了高分
陈永仁,1,35,['2021-02-12'],就冲扑街令拉踩晴雅集的架势，一星不送🌝
：,1,26,['2021-02-12'],失望
翻滚吧！蛋堡,1,20,['2021-02-12'],豆瓣快把主演顺序调调吧，别再诈骗了
看起来兔兔的,1,31,['2021-02-12'],剧中主角叫袁柏雅把我给震惊到了，瓦当店本瓦了……
BRNO,1,31,['2021-02-12'],还记得当年被陈坤的钟馗伏魔支配的恐惧嘛？这部电影有过之无不及。
陆柯,3,35,['2021-02-12'],陈坤从悬崖底下窜上来像极了惊奇队长，雷到我的感觉都一样一样的。但是他美啊，看陈坤的脸就让我没原则。
新时代女性,1,37,['2021-02-12'],郭敬明惨，这什么啊？晴雅集的指头都比不上。初一看的我无聊死，特效不行，最后的打戏有事吗？剧情不行，晴明是阴阳师吗？最后的白发爷爷造型我以为是出家的道士，还是乞丐帮呢？陈坤周迅还我一百大洋
sAm,2,27,['2021-02-12'],别恶心我求你了
沧海一小生,3,37,['2021-02-13'],乐乐呵呵地看完了挂名为侍神令的捉妖记！
蓥鄞一米,4,34,['2021-02-12'],看片之前是有一定预期的，看完片是远高出预期的，比晴雅集的格局和娱乐程度更出彩。除了陈坤周迅以外，一些配角也蛮有意思。咋咋呼呼的迷妹沈月可可爱爱，全程是个小开心果。很感叹晴明一生中的偏见都来自于人，偏爱大多数来自于妖，而他却以一种近乎献祭的方式拯救世人，荒唐又讽刺，看完意犹未尽。视觉效果奇佳，数字角色的精细化程度绝对超过了以往任何一部华语电影。
方枪枪,2,24,['2021-02-12'],古装妖幻这个题材真是烂片集中箱。
谢谢你们的鱼,1,15,['2021-02-12'],年度WTF电影，剪辑、叙事、表演、制作、风格、配乐、配音、摄影全方位的崩坏，人物情感毫无支点，情节推进毫无章法，看得出花了不少钱，但是钱全给不会拍电影的导演糟蹋了。整部戏没有一场戏是正常的，编剧的台词尤其糟糕，数次让男二号做了复读机，而更荒谬的是男二女二的戏份大大超过了男一女一，并且一个原本想走史诗路线的电影却选择了《捉妖记》的怪物风格，各种四不像，最后的守桥战看得我真的要无聊死了。话说片中好多情节配上屈楚萧现在的人设真的是充满了恶趣味。
密室大逃脱,1,32,['2021-02-12'],优胜劣汰吧还是
哲曦先生,1,25,['2021-02-12'],剧情拉胯
Duofold💮,1,52,['2021-02-12'],真正的主角：沈月，屈楚萧，营销时候的主角：周迅，陈坤
木叶豆,2,28,['2021-02-12'],再次说明了电影是导演的艺术，演员碰到了只能认倒霉
安徽的乐乐,2,28,['2021-02-12'],不要比较 比较起来真不如
一口大井子,4,23,['2021-02-12'],最早对《侍神令》没抱什么期待，但看完之后很惊喜，周迅和陈坤不愧是20年的好友，再次搭档默契依旧，信任全在眼里，不言自明。两人20年12次合作所形成的情感光环，为晴明和百旎之间的情感羁绊又增添了几分说服力，能产生这样化学反应的银幕搭档并不多，我想象不到谁能比他俩更加合适。奇幻片能否成立的关键就是特效，大到妖域的山林楼宇，小到侍神们的皮肤毛发，电影将这一番光怪陆离在大银幕上呈现得无比真实，而且还最大程度上注入了东方美学，辅以配乐大师梅林茂的旋律，绝对是视觉和听觉的双重享受。最打动我的还是侍神与主人之间的情感，在片中是生死相随的坚定，在我们的日常生活中就是苦乐相伴的长情，无论是对家人、爱人、朋友，或是宠物，能够无条件的信任对方就是有了心的归处。这是《侍神令》留给这个春节档的一份温情。
蜜獾,2,27,['2021-02-12'],真的就是，还不如小四的《晴雅集》。要剧情没剧情，要感情没感情，要美感没美感。
终未,2,29,['2021-02-12'],四分都嫌多，真的好无聊，好好的人一定要做妖，一群妖怪，整天在世界中心呼唤爱。简直无聊透了。
门萨的娼妓,2,26,['2021-02-12'],这是2001年的电影吗？
wwo,5,24,['2021-02-12'],特效巨好，打斗很爽，周迅好美
阿羅耶識,1,29,['2021-02-12'],剧情不行，节奏拖垮，特效出戏，建议花钱去看其他，真的太难了。
瓦爱吃鸡腿,2,22,['2021-02-12'],这…这不是捉妖记吗
Jafarid,2,21,['2021-02-12'],emm…
私物語君,2,26,['2021-02-12'],屈楚萧的戏份多而不精，台词处也是尽显尴尬（剧本背责），周迅的戏份少且没劲（剧本背责），陈伟霆的配音，雪女配音，王丽坤本人的演技（剧本也要背责，因为我看过她演的蜘蛛精，华丽细致），不过定位是个合家欢电影，大多数的妖都是CG，没情感不精彩。陈坤的演技也还是无功无过。
歪嘴应,2,24,['2021-02-12'],最后是变成超人大战了吗？
宣楚,1,27,['2021-02-12'],"这剧本是啥呀？张家鲁老师，不至于吧？这电影是要给阴阳师玩家喂了shi吗？剧本一塌糊涂，本来想着陈坤，周迅在，好歹能看看，就这吗？！屈楚萧，陈伟霆也是全场尬演。说好的吊打《晴雅集》呢？就这就这？所以全片精华全在预告片了呗？"
who like boys,1,30,['2021-02-16'],屈楚萧这种家暴还死不承认阴阳怪气搞性别对立的人凭什么来演电影啊🥺👊🏻
去他妈的世界,2,25,['2021-02-12'],真开心，又来电影院吃屎了。我怎么能期待网易讲出什么好故事？特效钱感觉全在那只手上了，看完回来睡了一觉，还是很生气。
猫窝,4,31,['2021-02-12'],美轮美奂的视觉享受，绝对算的上贺岁档中视效最佳的片子了。陈坤就是晴明本明，完全满足二次元对《阴阳师》这个IP的想象，和周迅的对戏火花感强的让人当场坐地磕CP。神、妖、人在新的环境情境下被赋予了全新的诠释，侍神的设定本身就是一个有仪式感的互相陪伴与成全。主题立住了，片子就是好看的。
夏白夏-,1,40,['2021-02-12'],我说真的，如果你想卖周迅和陈坤的cp，大可以按照少年相知意外擦肩灵魂相通的逻辑搞一个原创，拍成啥样戏份充足我也看，现在的结果就是知道设定的人因为原梗被毫无逻辑地串用而满头雾水，不知道设定的人普通地因为毫无逻辑而满头雾水，导演的美国大片观影量显然远远大于任何日系相关。最后一个问题，屈楚萧是不是只会本色出演流氓？
西楼尘,4,20,['2021-02-12'],是选择做慈悲软弱的人，还是拯救苍生的妖。是选择在人类世界被当做异己，还是在妖的领地惶惶度日。后世读着史官文书，不知道界桥一战那半人半妖的阴阳师做过怎样的选择。就像人们不知道识妖之力意味怎样的诱惑，桔梗之环意味怎样的承诺，侍神之令有着怎样的真义，人妖各处一界繁衍生存，都比晴明快活。
Jack,3,27,['2021-02-12'],总得来说还行，有陈坤周迅加持算是及格了，但剧情还是有问题，比如那把吹的很厉害的剑。。。
平井西瓜子,4,22,['2021-02-12'],	“苦乐相伴，死生相随，永不背叛”的契约精神真的好感人哦，希望也可以拥有这样的爱情，一旦认定彼此就永远相伴相随。
朝阳区妻夫木聪,2,16,['2021-02-12'],实在是没什么好多说的，没觉得比捉妖记差，也没觉得比晴雅集好。暂且撇开商业角度不谈，中国式奇幻大片至少在我这里，目前来看基本还处于花花绿绿但是乱七八糟的阶段，烧钱烧钱再烧钱。至于什么所谓的影游联动，基本也没什么出路，光提特效真的一点用都没有，你有听过指环王霍比特人系列吹过自己特效好吗？
心上一字敢,2,37,['2021-02-14'],"只能说周迅和陈坤为何要接这种烂片，
没头没脑，人物非常单薄，打斗非常无脑，剧情发展非常无语。
慈沐就是没来由地喜欢妖力，权倾天下？
百旎和西残就如此羸弱？跟雪女和慈沐基本上都过不了几招？
相柳更是无语，所以鲮石封印的是谁？慈沐得到的到底是谁的力量？最后又轻轻松松地成为晴明的式神，教晴明做人，还问他是否想成为拯救苍生的妖？之后还可以和人族相安无事？
界桥大战就是丧尸围城，而且战斗力都很弱。。。等到BOSS战，晴明却又轻而易举打倒慈沐。。。"
卖萌有益健康,1,20,['2021-02-12'],sy辣眼睛，背后金主不要伤害观众了好吗
绿色的梅花鹿,1,22,['2021-02-12'],真的不喜欢杨坤，装什么啊
寂夏安澜,1,20,['2021-02-12'],晴明做别人侍神？但凡脑子还在的人都不会这样改
生活大气层,1,34,['2021-02-12'],主线混乱大杂烩
S R就是了,3,28,['2021-02-14'],拉满了弓，放了个空
好想养只猫啊,5,35,['2021-02-12'],"刚看完侍神令，很好看

首先整个电影场景很好看，一开始截贡品那边那边景很漂亮，然后妖域也做的很好，很大气。还有其他的景也非常棒，那些妖怪做的也很好

演员演的也好，演技不拉胯，陈坤真的很帅啊，陈坤yyds

故事情节比较简单，就不剧透了，但是整体故事讲的很好，我看了很舒服

不过周迅虽然二番，但戏份不多，屈楚萧戏份挺多的，但是其他不论，他演戏还是很不错的"
呆萌喵星人,2,18,['2021-02-12'],格局不够情怀来凑，作为游戏的氪金玩家，本人觉得有这钱还不如去给我的游戏充值😄当然美术配乐和画面效果确实蛮精致，但是当一部电影只剩下如ppt式的叙事手法时，再优秀的设计元素也只是徒劳无功的“锦上添花”。
FayeWinslet,1,19,['2021-02-13'],"0
翻版捉妖记，还搞番位诈骗，四番六番当主角，一番二番当配角，把我这种周迅粉丝骗进场。
垃圾诈骗电影赶紧滚蛋。"
大猪猪宝宝,3,21,['2021-02-12'],特意为了这部电影起了个早，总体来说还是不错的，特效还行，从各个方面都要甩晴雅集很多，里面的鬼赤太可爱了，好像买一只同款娃娃，哈哈😄😄
静静,4,26,['2021-02-12'],晴明的庭院我好向往啊，对我来说就是一个世外桃源一样的地方。风景好，还有一堆陪伴守护着自己的侍神们，好想要穿越进去！
qw0aszx,1,9,['2021-02-14'],塑料大片 为啥国产的大特效片子总会出现掉帧和跳帧呢
白龙,1,16,['2021-02-12'],苍天呐，怎么会把一个这么好的奇幻题材拍的如此平庸，唯一支撑我看下去的事陈伟霆，陈伟霆好帅好帅。陈坤一如既往的演技好，但是在这部电影里只是发挥正常，周迅脸僵的动不了了，有演技但是发挥不出来了。
科林,2,14,['2021-02-12'],这不就是《捉妖记》+《千与千寻》嘛~ 虽然想象力、服化道、视觉特效都在线，但这类电影最火的时候不是五六年前嘛，早已对群魔乱舞的卖萌“动画片”审美疲劳，关键故事共情力也稍差火候，算看了个寂寞吧~
我,5,32,['2021-02-12'],电影真的非常注重细节，诚意满满，小鬼赤的皮肤就很像小孩子的皮肤比较饱满，大鬼赤的就很粗糙，连毛孔都能看清，真的从来没有在华语片里见到这么细致的数字角色，瑞思白了。
花渡紫陌,1,24,['2021-02-12'],这才是郭敬明拍的吧！画面精美，节奏失控，无论是妖域探险、竹林屠杀还是最终决战都平缓成一潭死水。固然《侍神令》比《晴雅集》塑造了更为丰富的妖域与妖怪，但花了如此心神的妖怪竟然只会如人类一般劈砍，而主要的剧情却被这些给打散，打淡。过多人物的设置分散了所剩无几的时间，使得没有一个人物丰富起来。如果说《晴雅集》抄袭《奇异博士》，那么《侍神令》真的是抄袭了《雷神3》和《奇异博士》，彩虹桥对传送阵，浩克大战斯芬克对赤鬼大战鱼头怪，彩虹桥对木桥，雷神对晴明，时间循环对反向咒语。哦对了，该片配音真是坨屎。
saltsyre☃️,1,22,['2021-02-12'],所以已注萧才是主角吧🙃
Tung,1,19,['2021-02-12'],红发小魔女与白发小魔女之战。
吃胶片的考拉,4,20,['2021-02-12'],可以说是华语电影顶级制作了，音乐美术特效全部令人惊喜。阴阳师游戏的世界观被高度还原，纯数字角色也被赋予了“人味儿”。看得出《寻龙诀》过后，陈国富团队又精进了实力。高工业水平，正是幻想类电影的基石。加上再度合作的陈坤周迅全程飙戏，突出一个誓约羁绊，电影很难不好看。
Orange1225,1,16,['2021-02-12'],这个。。。
无人生还,2,17,['2021-02-12'],太难看了太难看了太难看了，怎么可以这么难看
请叫我安正能量,5,18,['2021-02-12'],"陈坤演的晴明太帅了吧!!坤哥的颜值真的是从小吃到大🙊  

特效真的是太棒了 细节很到位 山蛙山兔鸦天狗雪女镰鼬桃花妖茨木  这部剧真的是值得一看 "
我爱吃大魔王,4,22,['2021-02-12'],双发髻、油纸伞！！！这太戳我的点了，这不就是最近很火的神明少女造型！沈月驾驭的还不错，果然，明星和网红之间还是有壁的
渚,1,16,['2021-02-12'],拒绝屈楚萧
乌鸦火堂,4,15,['2021-02-12'],“妖可以和主人同生共死，人能做到吗？”从游戏到大银幕，呈现的是古典文化与流行元素的混搭效果。整体情感非常克制，将主线放在冒险和视效呈现上，两界泾渭的展示、表里线索的呈现，依然是用妖来反衬人间，但这里选择了“羁绊”的角度进行了勾连，倒是让人想起了人与宠物之情，并以此抨击人类的尔虞我诈，这个角度还是很有噱头。当年刷过游戏，妖怪还是比较丰富，找妖怪成了最大的乐趣，妖域段落全片最佳，让人想起了徐克《小倩》中的鬼城，制作水准毋庸置疑，陈国富还是有两下子，相柳替换了八岐大蛇，收尾略显仓促，沈月好评。
午睡的Sol,2,21,['2021-02-12'],太棒了，烂出新天地
琥珀色黄昏,1,22,['2021-02-12'],欺诈，这就是欺诈。陈伟霆戏份少得可怜，屈楚萧沈月才是男女主吧。
will,5,32,['2021-02-12'],比隔壁矮子导演的好
Yummysandy,3,26,['2021-02-15'],三星都给陈坤和周迅，他俩太好看了。赤鬼也可爱。这片子剪个他俩的短篇就可以了。
Taroro,5,46,['2021-02-12'],下午去看了，排片太少了都不好买票。特效真不错，陈坤超级帅。感觉剧情还要展开，不知道会不会拍2
宇宙漫游指南,4,18,['2021-02-12'],"现象级游戏IP改编，特效技术与东方美学的完美搭配，太适合原地过年的我了。这部视效真的牛逼，必须去影院看，和朋友一起去看《侍神令》这个春节原地过年也温暖呀

"
Ash,1,25,['2021-02-12'],很久没在电影院看这么难受的电影了
子然,1,22,['2021-02-13'],拍的什么东西哦，我真的服了 东不东西不西的 
五更可乐,1,8,['2021-02-12'],无聊。导演层面跟郭敬明没有什么区别，唯一聪明的一点在于选了陈坤演晴明。所以大家看明白了吗，阴阳师翻拍还得看陈凯歌（？）
Mori沢,2,15,['2021-02-12'],太烂了 玩家钱真好骗 bgm瞎搞 要不是有ck/zx 2分都没有🙄
绿,4,13,['2021-02-13'],没玩过阴阳师游戏也不了解背景故事，所以剧情结构什么的我就不评判了。非常精彩的cg、特效制作，陈坤周迅的搭档也是一如既往的默契无间。他们俩的一个对视，就让我感受到了那种超越了爱情和生死牵绊的相知相守、对彼此可以交付一切的情感。陈坤真的特别适合晴明这样的美强惨角色，最后挣脱了自己妖的本性而毅然决然为自己阴阳师的身份付出一切也令人动容。最近有看到陈铭老师说，英雄就是突破了命运的人，我想晴明就是这样的人吧，就算被命运不公地对待，即使注定踽踽独行，也要带着尊严在寒夜中前进。
loli_skywalker,5,26,['2021-02-12'],王丽坤的桃花点亮庭院里的桃花树的时候，本yys前玩家真是泪目，想到了之前夜夜肝御魂，刷体力，斗技的日子。电影不是一比一的去还原游戏，而是把故事放在了中国的语境。红鬼和镰鼬都太可爱了！而且让我哭了两次😭最后大战真的有种阿妈带着弱小的仔们遇上欧皇的感觉，瑟瑟发抖。最后还要提一下陈坤，真的头发丝都帅，大银幕看坤哥真的太好看了，yyds，一本满足！
Beeman,3,21,['2021-02-12'],大年初一给我添堵
Ikumi,2,13,['2021-02-12'],剧情实在实在太单薄了 完全可以想到的套路剧情  古建筑场景还算不错 周迅的演技也有些尴尬 
Diaz,2,14,['2021-02-12'],白瞎了主演和人物原型。剧情烂，节奏烂，超尴尬！
蓼,1,15,['2021-02-12'],垃圾
木贼,4,36,['2021-02-12'],陈坤好帅，和周迅很有cp感，作为游戏玩家觉得式神被电影真人化还是很激动的，虽然剧情谈不上多么好，但是桃花妖蝴蝶精不美吗，神乐不可爱吗，小妖怪们不萌吗！
小小小小小夫子,1,25,['2021-02-14'],不知道是担心屈影响票房还是什么原因，宣传全是主打陈坤周迅，进了影院发现他们不是主演，好家伙，被骗了。
什么都是假的,2,19,['2021-02-12'],也太虚假宣传了，屈楚萧戏份巨多
ㅤ,4,16,['2021-02-12'],曾经我可是一个寮的会长呢，看到这部电影，想起了那些跟朋友们一起拼命肝游戏的日子，有非酋也有欧皇，有开心和欢笑的日子，真怀念
摩西摩西,2,16,['2021-02-12'],肉眼可见花了大钱，然而感觉看了个寂寞，全场观众一致冷漠脸……晴明妖气太重（虽然最后确实成了真妖怪🤷‍♀️，屈楚萧占了全片最重的戏份，结果全是不知所谓的废戏，沈月戏份都比我迅多，why！！！这片一开始的剧本是为了捧这俩小年轻的吧？不然为啥缝缝补补之后晴明和柏雅两条线会如此割裂，again，why！！！
猫油果,5,20,['2021-02-12'],电影前半段带着一点背离主流社会存活的人文气息，结尾有大闹一场悄然离去的意境。
发财,1,16,['2021-02-12'],周迅就是个特出 真正的男女主是屈楚萧沈月 可笑至极 陈坤也做作
VAM👸,2,17,['2021-02-12'],这是什么乱七八糟的？先不说别的，周迅的戏份都不如凉透的屈楚萧和沈月多，片方搁这虚假宣传。其次，影片在所有地方全部混乱，主线支线混作一团且毫无逻辑，各种插科打诨无聊难看，特效看似宏大但经不起细看，都2021年了，和在这用十几年前那一套拍电影呢？讲故事甚至都不如郭敬明的《晴雅集》，人家最起码还有些成人的追求而不是拿《捉妖记》当做偶像。影片唯一的亮点就是陈坤和周迅，戏份不多但是有他们的时间最起码是能看的，为了他俩加一星。
🎈,2,20,['2021-02-12'],不想和晴雅集做对比的，怕被骂。可这画面确实不如晴雅集，哪怕主角是陈坤我也要说，更何况这男主怕不是屈楚萧？
周台风,2,12,['2021-02-12'],放过自己【。
小黄桃蛋挞,2,14,['2021-02-12'],除了可爱的n卡和r卡 其他都是乐色！陈伟霆不要再邪魅一笑了！
D调,4,13,['2021-02-12'],《阴阳师》走入电影世界，成就了《侍神令》》 《阴阳师》是一款现象级手游，在街边巷尾、公交轮船上都曾见过玩家痴迷于这款游戏。华丽的画面，梦幻般的招式，精致的人物，都让《阴阳师》成为经久不衰的一款手游。正因为原IP在国内游戏界各方面都处于经典与顶尖位置，加之手游改编成电影的案例非常少，我依然认为《侍神令》是一部超出预期、高标准的游改影电影
中热澳白加浓缩,4,15,['2021-02-12'],又不能回家过年了，大年初一在电影院看侍神令，山兔可爱，建筑也很美，安抚了我这颗不能回家而焦虑的心。无论身处何地，只要心有归处，就不会觉得孤单，也不再漂泊。
小王几,3,24,['2021-02-13'],"看完只想二刷晴雅集
（但光看陈坤还是值回票价"
Tom,2,14,['2021-02-12'],特效还可以，细节设定有眼前一亮的地方。节奏紧凑，起码故事是过得去的，可终究还是逃不过电视剧质感，各种摇移镜头堆砌看得我有些晕。
老板来碗面,2,21,['2021-02-16'],果然是利用陈坤和周迅来骗钱，电影垃圾的不行，沈月演技让人浑身尴尬
tutu兔.,4,15,['2021-02-12'],"无疑是这几年最好看的古装奇幻电影，特效震撼。庭院、红楼拍的绮丽诡谲、非常震撼，陈国富+张家鲁的金牌班底，果然带来了惊喜。
 "
melody,4,19,['2021-02-12'],《同渡》真好听，电影画面很美，又被陈坤帅到了，我很久没看过这么喜欢的电影了
👻,5,13,['2021-02-12'],晴明的侍神即便曾经被人类伤害过，但仍然愿意在危急时刻替晴明守住东京城。这种生死的信任与忠诚很值得人钦佩。也看得出晴明与这些妖深深的羁绊。
大小吴同学,5,20,['2021-02-12'],感觉侍神这个设定就足以让我心动了，与主人同生共死，绝不背叛，这种羁绊是人与人之间无法得到的承诺，小晴明真的是美强惨本惨，好心疼。
黑色星期五,5,60,['2021-02-12'],影片情节跌宕起伏，主演演技很在线，慈沐黑化很妖孽。
bp,5,14,['2021-02-12'],对于弃坑了的玩家来说，整体来说做得蛮好的，这电影是给玩家看的，后期票房估计也只能靠玩家撑起来了。期待有后续，期待我大帚神也能撑起一片天。
土豆,4,14,['2021-02-12'],陈坤饰演的晴明，宇宙最美强惨！！！
梦魇马戏团,2,8,['2021-02-13'],没问题，没意思，没意义。谁要看屈楚萧发中二病？
喑哑,2,20,['2021-02-12'],"怎么能这么难看，剧情之间接的这么硬，整体《奇门遁甲》化，前面还有些东方奇术，结尾超人大战。感觉也没多少经费，大场景很少，妖怪法术展示很少，美术和服装稀烂！"
what'swilliam,3,6,['2021-02-12'],3.1星。质量对不起演员阵容。1.打戏出色，非常徐克，特效停留在五年前《捉妖记》的时代。2.陈坤周迅这对CP没有爱情火花，顶多是友情火花，两人驻颜有术，但要是以十年前的颜演这部效果会更好。3.博雅好似智商欠费，神乐永远睁大双眼哭唧唧。4.关于人与妖关系的探讨其实不错，人没人性，妖却有情，人想摧毁人界，最后却靠妖来守护人界。5.妖精大战全部肉搏太蠢了，能来个法师么？6.配音口型对不上啊！！！
新蓝,4,12,['2021-02-12'],陈坤的脸亦正亦邪，演这种一半妖、一半人血统的阴阳师晴明，太适合了，玩儿扇子的时候帅炸。
待注销,3,13,['2021-02-12'],完成度有，动作设计是短板，侍神令的含义片中已经反复提到了，结尾屈楚萧强行点题的独白就多余了。王丽坤的造型真美！！！
雷古勒斯,4,12,['2021-02-12'],《阴阳师》手游改编，平安京的平行世界。幸亏不是原平安京，要不然袁柏雅演成这样，我能骂死痒痒鼠。我的重点在人和侍神的羁绊，侍神的消亡，让我想起我庭院里那些式神们，他们虽然只是数据，但是日日夜夜地呆在那里，等玩家上线，庭院亮起的一刹那。他们不会消逝不会被杀死，但是侍神会。这也是电影的一个泪点所在，因为体验过，所以更懂得这种羁绊。扣掉的一分给可有可无的袁柏雅，他的每一个镜头我心里都会默念一句xx。结尾晴明和慈沐的对战，让我想起宇宙英雄大战，有点出戏。如果去掉袁柏雅，会再加0.5分
李米,3,7,['2021-02-13'],周迅，你再接这种乱七八糟的鬼片子试试看！
Danielle,2,19,['2021-02-12'],易困
吾不知,3,0,['2021-02-12'],虽然有一幕让我想到了七龙珠，坤迅两人撑起整部戏，画风和质感都不一样。另外两人戏份过于多了吧！！
盲忙,4,7,['2021-02-12'],看陈坤和周迅对手戏就够了啊，别的还重要吗？
N,5,24,['2021-02-12'],给迅迅加一星 明明很优秀的商业片
Motred,2,14,['2021-02-12'],白瞎了陈坤周迅，这个剧情是属于我都不敢细想的烂……
可爱的小猪,5,13,['2021-02-12'],我宣布，侍神令展现的就是我心目中的阴阳师世界了！陈坤演的晴明也太帅啦，我也好想做他手上的侍神哦呜呜呜。
我累特,2,27,['2021-02-12'],这两星都是给特效团队的，其他的啥都不想说了，另外错怪了《晴雅集》，准备三星改四星了
AA安安嗷嗷,5,25,['2021-02-12'],以为特效服化会不咋地，结果打脸了，虽然跟痒痒鼠风格南辕北辙，好看还是好看的，当做独立故事吧 ps红屁股炸裂可爱有手办吗
韩松落,4,7,['2021-02-12'],视觉绝美，特效自如。在游戏《阴阳师》的故事基础上，开拓出了一个更大更完整的世界观，也给出了一组更有人情味的妖怪精灵形象，让一个本来有几分悲情色彩的故事妙趣横生，也丰富了华语电影的神话库储备。当然最重要的是，它给出了一系列更切合当下的观念：“心有归处”；“不敬畏苍生，不依恋万物，不配为神”；还有人如何消灭自己心中的恶念和恶面，如何从越来越庞大的执念中走出来。这个观念和扮演晴明的陈坤所追求的人生理念也高度契合。虽然影片的视觉呈现已经很震撼了，但更打动我的是这一系列有完成度的观念，这些观念让这个故事有了归处，也让看电影的我们有了归处。
纵溺七寸,2,22,['2021-02-12'],妖的特效造型审美实在是一塌糊涂 又丑又恶心 最后把陈伟霆整成了什么？牛魔王和东方不败的结合体吗？
inthhinkdd,1,15,['2021-02-13'],一星都是给陈坤和周迅的
乌鸦像写字台,1,14,['2021-02-12'],说个搞笑的事，R卡鸦天狗是最强的妖怪。
再来三个肉夹馍,2,22,['2021-02-12'],"《侍神令》特效制作团队的出彩不必多说，但剧情实在一言难尽，着实配不上飞速发展的电影工业。

特效好归好，又特别像《捉妖记》的群怪，最出彩的是Q弹鬼赤，变大之后又给人以地狱男爵跟绿巨人的合体产物，也是让人足够震惊！“地狱男爵跟绿巨人啥时候生的孩子？”

陈坤周迅再组CP，既没看到令人羡慕的绝美爱情，也没看到昏天暗地的宏大战争场面，各大阴阳师与妖怪呜呜渣渣感觉都是天底下最厉害，但真正打斗起来，没两下就被秒杀，你秒我我又秒他，大家纷纷开心领盒饭，最后相柳更是惊掉八头说:“晴明你别自残了，我好怕怕”......好。精彩！！

电影打着陈坤周迅多年后再合作的噱头，周迅戏码还真是“多”的可怕...通篇都是沈月和屈楚萧的乱入，快快乐乐傻傻敷敷，真是亲闺女亲小子了。《侍神令》不看也罢。"
死肥宅,2,14,['2021-02-13'],？打不过晴雅集好意思吗
鹿由器,2,11,['2021-02-13'],全价买的好不值，大结局“就这？”
Folie_chen,1,15,['2021-02-12'],......
浮生梦。,2,13,['2021-02-12'],我就想问，送不送我茨木童子？不送我不去。
ooChenxiao,4,9,['2021-02-12'],侍神们的细节简直太到位了，尤其是毛发和神态表情上感觉不输好莱坞的亚子！值得一看！冲！
王大小姐！,1,15,['2021-02-13'],挂羊头卖狗肉。
横扫硬核,1,19,['2021-02-13'],电影各方面都没有亮点
椒盐焦糖,4,13,['2021-02-12'],好看的呀，初一一大早就买票去看了，冲着主演，也满足自己当年玩氧氧鼠的情怀，画面风格很好，陈坤很适合这种角色，像雪女桃花妖神乐的形象也很还原，没想到海坊主的配音是孙红雷。希望还有第二部，如果说有什么不足的，感觉故事有点落俗，陈伟霆那条线有点单薄，全靠特效。
Tamako,2,15,['2021-02-12'],一星给陈坤+周迅，一星给特效制作。平心而论，电影的前半部分感觉还是很不错的，陈坤还是最美强惨，迅哥还是美，但是结构还是一个拯救苍生的故事，并且，作为曾经的阴阳师玩家，也挺失望的，整个电影就是披了一个阴阳师的皮魔改成中国的妖魔故事！没必要没必要，阴阳师那么多玩家，哪怕就根据游戏设定来做个故事，也比这有意思吧！
淺蒼,3,13,['2021-02-12'],侍神令与晴雅集，捉妖记与妖猫传
一芘芣,1,9,['2021-02-12'],什么不伦不类的辣鸡玩意儿，拜托中国自己有很多鬼怪素材志义传说，非要整这种不阴不阳的东西
金多多,2,12,['2021-02-12'],一颗星给演员们 一颗星给特效 然后剧情是个什么东西 结局就这？？？是打算出第二部的意思？？？
不换工作不改名,3,9,['2021-02-14'],视觉效果还蛮好看的 但想问一句屈楚萧到底是什么背景啊？
圈圈小棉花,4,14,['2021-02-13'],私心的想让陈坤和周迅在红50年，拍戏拍到80岁！
北极圈守望者,2,21,['2021-02-12'],真的，我对陈坤和周迅的粉丝滤镜都救不了这拉胯的剧情
会飞的鱼,4,10,['2021-02-12'],喜欢周迅，她演得必看，想到小时候就看她和陈坤的戏，到现在他俩还嫩着，我就不知道说啥了...
TIAN,4,14,['2021-02-12'],因为先看了晴雅集，再看这版以后感觉好很多，部分式神还原的不错，炼油三兄弟很可爱
想沉默的嘚吧嘚,2,25,['2021-02-12'],太失望了，大年初一看睡了这正常吗……冲着周迅和陈坤来的，结果被博雅和神乐丑到了，剧情太尬，看得出来想要努力搞笑却笑不出来。晴雅集当时看的挺爽，本以为会比晴雅集还好看，结果……能把我的票钱给晴雅集嘛！大年初一看这样的局真的太闹心了！！
叶下志麻,4,12,['2021-02-14'],其实这个我反而是贺岁档里最喜欢的，虽然也有仓促的地方。
地铁里的季风,3,5,['2021-02-12'],周迅演的阴阳寮掌门也太弱了，被自己人在肩胛刺穿一下就感觉废了一样，一群阴阳师被一个雪女几乎全灭。剧情么，就那样吧，这次的情感戏并不扎实。画面还可以，海坊阁角斗场和千门幻影都还不错。
江湖骗子,3,14,['2021-02-12'],"刚开始哇陈坤好帅 ，建模师好厉害，配乐好厉害，周迅好厉害。
结尾：李蔚然你是不是把钱全部花在特效上，没钱请动作指导了？你是阴阳师啊？全程肉搏是什么鬼东西。建议看一半就走人[裂开][裂开][裂开]"
乌冬面是面吗,5,10,['2021-02-12'],好喜欢晴明和侍神呆的那个庭院，里面的妖怪精灵古怪的，还挺可爱的。桃妖一点桃花盛开的场景，绚丽、梦幻。
思琪,4,9,['2021-02-12'],特效和演技就值回票价，好荣幸过年和厂花和周公子一起进入这场妖界奇旅，小妖们做的可爱又灵动，画面也是美绝了
起名字好难啊,5,11,['2021-02-12'],"绝对是IP改编电影里最成功的作品之一。多数IP电影都是请几个流量，粗制滥造的魔改剧本来收割IP与流量的韭菜。而《侍神令》却不是这样。实力派的演员，精心打磨的剧本，机具艺术气息的画面制作，实在是部精良的作品。
"
bout you,4,19,['2021-02-12'],片方牛批了，这特效真的是下血本了，砸大价钱了吧。听说是请了《寻龙诀》的原班班底，熊熊燃烧的经费怕是笔天文数字吧
landly,4,14,['2021-02-12'],"8分
1分给2D，不用戴眼镜
3分给周迅陈坤，演技撑起局面
4分给特效，写实的妖怪真的很不错，没有盲目走萌系风格，开场的镰鼬真的xswl。
剧情很老套，大过年的看个乐呵就完事儿。"
阿暖,2,9,['2021-02-12'],本来我觉得这电影挺无聊的，尤其后半程特别想拉两倍速。直到看完唐探3，究竟谁更烂一筹，我迷茫了。
德卡的羊,2,12,['2021-02-12'],40/100，全片的故事极其庸俗且薄弱，段落间裂隙极大。改编自知名手游，视觉风格却是拼合而出的“怪物”，主体上看是日式奇幻，某个场景又似乎来源《皮囊之下》，第三幕的动作戏则干脆是《钢铁之躯》。只是幸运或取巧在于选角，证明了优秀的演员到底可以对电影的魅力有多大提升。当然，即使这样，也不必拿《捉妖记》《晴雅集》之流来碰瓷，还是好看的多。
影子的影子,4,11,['2021-02-12'],本痒痒鼠玩家带着打低分的心态进来，结果却收获了惊喜。不论从平安京庭院甚至音乐的还原度还是从式神与阴阳师的羁绊来说，都全方位满足了本玩家。故事居然不拉垮，到最后甚至还有点感动。陈坤真的太帅了，没有人比他更适合晴明！最后导演惊喜到场，还剧透了一下他自己关于续集的想法，可以和游戏完美衔接，那我就还是期待一下续集吧！我永远爱痒痒鼠！！！
谦宝,3,19,['2021-02-12'],是我误会郭导了！
酱焖泥鳅,5,17,['2021-02-12'],很喜欢《阴阳师》这个游戏有很重要的一个原因是因为游戏的策划审美配乐都很在线。而电影《侍神令》更是延续了这点，甚至提炼成电影更具艺术感了。电影画面太美了，配乐也特别好听。这部电影的美术、音乐指导简直是在做艺术品。
狗耳多,2,13,['2021-02-12'],拍片少就说明了一切，整体故事架构太轻，台词非常不走心。演员选择也有问题，沈月陈伟霆这类角色考下来就很出戏。再者人妖世界的世界观说的不清不楚，感觉创作者也没有想好就被投资人赶鸭子了！
fall,4,13,['2021-02-12'],你对晴明的执念我懂，这句台词很戳我，每个人都有自己的执念，很多年过去了，看着这些游戏角色在大荧幕上的故事，想到了以前。
5u5,3,1,['2021-02-14'],我tm茨木不是这样的喂 酒吞快出来管管你的挚友
勿刘,1,11,['2021-02-12'],愣是没发现有屈楚萧在里面，看完又看了一遍预告片发现一个镜头都没，真的连哄带骗被骗进了电影院。
一个吃瓜群众,1,10,['2021-02-12'],垃圾
MIU,4,12,['2021-02-12'],式神真可爱，陈坤真帅。
开水泡菜,1,14,['2021-02-12'],看不得水军拉踩，还有某男，虚假宣传扣一星
韩唳,1,15,['2021-02-12'],"我就直说了，《侍神令》，难看！堪比春晚。
故事毫无逻辑，人物毫无信念感，剧本比彩云小梦写得还差，特技几乎没有以至于门口发的3D眼镜都没用上，打斗场面穷极无聊，《博人传》都比这燃！画面脏兮兮，构图打光都能列入迷惑行为，真真儿白瞎我厂花和迅哥儿绝世美貌！
我以为天邪鬼赤和源博雅毫无看点的肉搏30分钟就够离谱，万万没想到神乐和百旎也是彻头彻尾毫无灵魂的工具人，强行喊晴明“主人”尬得我脚趾抠出电影院下面的八间健身房。
要我说你们还真的别看不起《晴雅集》，起码郭敬明审美在线，有戏剧冲突也有真情实感，《侍神令》也就通过“根据游戏改编”贩卖情怀骗骗我们阴阳师玩家了，要不是答应群里小伙伴儿要写repo硬熬到结尾，我早就和一直在影院里几个哭闹着要回家的熊孩子一起走了。
总之，快逃，我先反念守护咒自行了断了。"
雪柜,1,10,['2021-02-12'],《把阴阳师拍成捉妖记的成功案例》真的要把我看吐了！改编灾难，服化道灾难，挑演员灾难，陈国富灾难，剧情灾难，如果不cue手游我当你是普通烂片，这和手游有几毛钱关系？？？真是难以置信烂成这样鼠还做联动，我先yue为敬
一颗榕树,5,8,['2021-02-12'],制作精良！
❄,1,16,['2021-02-12'],辣鸡，还不如四娘
导游_Eric,1,11,['2021-02-12'],"因为屈楚萧，所以与我而言是烂片
到底谁是主角啊，卖力营销周迅陈坤的电影，结果戏份还不如屈楚萧多，垃圾"
秊秊,3,10,['2021-02-12'],特效真的差晴雅集一大截，但是我厂花真的好美
支离疏,4,4,['2021-02-12'],没玩过游戏，也没什么特殊情感，想看看国产奇幻类制作水平到啥地步了。视觉上还真的挺不错，色彩没有那么扎眼，柔和细腻，有些蛮二次元风格的画面不同观众可能接受度不同（又想起被国产奇幻吊打的阴影）。剧情上不复杂，所以表达还比较清晰。此外比较难得的是没有太狗血的情节，小妖怪设计得宠萌，陈坤演了好几部奇幻片，表演方法找到了。总体来说，这部电影很有东方奇幻的特点，可以看看。
小萌果大队长,4,16,['2021-02-12'],"       值得在大银幕上看的一部电影，比想象中的视觉效果更好是一方面，难得表演是细腻走心的，回味悠长。《侍神令》在复杂的世界观下讲述一个逻辑自洽的故事不容易，出场的侍神小妖各个都呆萌可爱，让人不禁想要抱回家。立意是不变的誓言，晴明的成长线也让人动容，过尽千帆初心始终，陈坤就是为这个角色而生。选角太棒了！
"
钢铁的侠,1,11,['2021-02-12'],陈坤周迅，看腻了，别组合了，捉妖记3
ly_aptx,2,13,['2021-02-12'],唉 金吾卫真烦人 这个角色就是招黑的 特效不错 剧情也太简单了 最后陈伟霆和陈坤那是超人和惊奇队长在打架吗？一点东方美感都没有
守妻如玉,1,10,['2021-02-13'],无语 诈骗电影挂羊头卖狗肉 这是捧屈楚萧和沈月
小蜘蛛,4,12,['2021-02-12'],最让人眼前一亮的莫过于王悦伊吧，清新靓丽的造型，一种安静优雅邻家少女的气质扑面而来，好想和她做好姐妹呀！
昨夜墨西哥僵局,2,14,['2021-02-12'],删除屈楚萧和沈月的戏份就能打四星的程度，问题出在哪里大家都懂！
休养中勿打扰,2,9,['2021-02-12'],屈楚萧我不再是你的粉丝了……
:),1,24,['2021-02-12'],🙂🙂🙂剧情烂得一批，不知道到底在讲个什么东西，打着陈坤跟周迅的名字宣传，结果周迅的戏份还没沈月多，周迅好像脸真的不行了，垮了，陈坤也越来越gay了，啊气死我了 大过年的浪费时间去看这个，我本来想说不如《晴雅集》但是郭敬明名声实在是太烂了，我本人又是邓伦粉，怕被人家说故意黑《侍神令》，但是真的啊啊啊，真的不如《晴雅集》，《晴雅集》也很烂，但是邓伦演技还是不错的，在两个烂片中找一个更烂的话，那还是《侍神令》！！！
sTill-Life,4,6,['2021-02-12'],人成不了侍神，因为人心善变。一个关于承诺和守护的故事。/ 终于在大年初一看上电影了 🥰
Time,1,14,['2021-02-12'],所有的噱头都在预告里了，浪费时间！
呱噪的仓鼠,2,12,['2021-02-12'],剧情莫名其妙 煽情的地方特别尬 剧情真的就特么的离谱
5大0,1,7,['2021-02-12'],唉
火柴人,3,0,['2021-02-17'],一堆N卡企图击败我大SSR
尼奥Nior,4,9,['2021-02-12'],又名晴明是如何从法师转职成近战士
茕茕白兔,5,11,['2021-02-12'],好看。黑散发晴明好看。片子节奏紧凑，打戏很多，好看。去看吧，不亏
萨库拉,1,8,['2021-02-13'],陈坤和周迅的脸在这样的片子里也能闪闪发光，简直美出了一种悲壮。
输入昵称,1,13,['2021-02-12'],游戏党觉得电影垃圾
珍珠果酱,2,10,['2021-02-12'],啥b屈楚萧
几次欲言又止,2,12,['2021-02-12'],如果大家有观影计划，可以避开《侍神令》了，除了梅林茂的编曲和相当精致的服化道，其他部分并无值得票价的地方～尤其是影片煽情部分足以让观众笑出声，如果是因为游戏阴阳师而想去看的同学～除了片名右下那一行“改编自游戏阴阳师”以及部分式神名字纯属巧合的雷同，并无发现与游戏相关的痕迹
轮子,1,15,['2021-02-13'],倘若不披阴阳师的皮，也就是个普通烂片。但现在，可恶到令人发指。
Lorddr,1,8,['2021-02-12'],没有人想再看和捉妖记相似的作品了，也没有人会想想看国产真人配音赛亚人吧？
深虹,5,28,['2021-02-12'],为了陈伟霆去看的，戏份较少但是出彩，剧情也比较流畅，好看，推荐。
豆友226097434,1,8,['2021-02-12'],呵呵😒
凹凸,4,5,['2021-02-12'],是不是SSR不重要，只要够出圈，SR和R一样可以当主角。同样是集结了华语电影的顶底制作班底，技术层面显然比前些年的《寻龙诀》又上一个台阶。对游戏场景和人物的改编完成度很高，镰鼬的毛发、海坊主的皮肤，细节看得出电影工业天花板水平。最惊艳最有想象力的还是千门幻境的设计，称得上旖旎绮丽。
帝天宇,4,11,['2021-02-12'],刚看完式神令，剧情一般，特效不错，陈坤周迅演技不错，评价7分吧
PinkVelvet,4,16,['2021-02-12'],想跟男朋友结一个侍神令，绝不背叛，这样起码我不用承受一次又一次感情的打击，人有时候真的还不如妖的热烈和纯粹，人想要的实在太多了
把噗,4,17,['2021-02-12'],以一种现实主义的技法（声音）讲述奇幻故事，给人新奇之感。场景又非写实，如开场的树林打斗戏，反而有一种复古的港式武侠片的味道。整体视效出色，各路妖怪活灵活现。同时兼顾故事，心有归处的概念有情感共鸣。
Xaviera,2,2,['2021-02-13'],冗长，沉闷，枝节过多，剧情就像是海报一样的混乱，但仍然好过郭敬明那部。其实专注于晴明单线好好写反而更有看头毕竟陈坤真的好适合这个角色。全程就处于看陈坤和周迅对戏正爽能稍微入戏（两星都给他俩），一到其他人就又让人想睡，演技根本不是同一个维度的，看得无比痛苦。但结局的选择和处理个人来说是喜欢的。最不满的一点是，你们是阴阳师啊，大家能不能不要打架光靠打拳啊喂！！！
李逵艾,2,12,['2021-02-12'],谁能想到，也就是个异性恋版《晴雅集》的水平……
Rocara,2,14,['2021-02-12'],可太尼玛难看了！！！白瞎了一张全中国最适合安倍晴明的脸！！也白瞎了梅林茂老师！！！（但凡删15分钟源博雅神乐给山兔我都不会这么生气）
Rocky,4,14,['2021-02-12'],制作一流，特效一流，表演一流，宣传不入流。表达上超越了世俗情感，是一种生命之道——“对苍生敬畏，对万物依恋。”敬畏与依恋的关系太妙，同时存在我们才能与爱人、亲人、友人、宠物、自己快乐共处。
搁浅。,2,8,['2021-02-12'],无聊
庄装样子,4,2,['2021-02-13'],弃坑老玩家，冲着陈坤周迅去看。如果对游戏剧情设定有执念就不建议去看了，人设情节都不一样了。但是剧情逻辑人设都基本站得住脚，式神做的很好，但基本都是N卡（笑哭），王紫璇的哥特式雪女还蛮特别的。个人还是比较喜欢，毕竟抽奖中的票，花的钱不多🐶，七分我觉得可以。
M.Jagger,2,10,['2021-02-12'],啥啊这是
拧发条鸟,4,6,['2021-02-12'],"3★吧，因为晴明比想象中多少油腻了些hhh但过年开开心心多打一星。2016年的开服老玩家了，超级期待影视化。就是晴明不咋用符咒阴阳术，一直在舞剑；八百比丘尼和晴明居然是同事，还仿佛在耍朋友；博雅没拉弓；茨木童子是阴阳师妖化来的，神奇的右手爬来爬去，好朋友酒吞居然没出现；雪女和茨木组cp的话，我最期待的大天狗果然没啥事了～黑化后的晴明和茨木的头发真柔顺呀～小僧、镰鼬、山兔还原度挺高，没想到天邪鬼赤居然是最讨喜的N卡。片尾痒痒鼠的背景音乐就很棒。罗里吧嗦一大堆果然我还是很爱痒痒鼠的PS：我只能接受被雪女瞬杀的那位是鸦天狗而不是大天狗hhh"
风皇,5,13,['2021-02-12'],戏里的晴明和百旎彼此羁绊，戏外的陈坤和周迅又何尝不是如此呢，导演能找陈坤和周迅来演也是很契合主题了，也怪我对他俩的银幕cp中毒太深，侍神令之后又要加上一对了。
woaiie,1,8,['2021-02-13'],先有一说一，这部电影拍得真不咋地，剧情单薄混乱，连一个基本的故事都说不好，特效啥的也是一言难尽，最多两颗半星。但是，大过年的看到渣男屈楚萧，真扫兴。出品方前期不敢宣传有此渣男而且戏份很重，却打着陈坤周迅的旗号招摇撞骗。扣一颗半星。
风景如画,4,7,['2021-02-12'],没玩过阴阳师，但是整部电影看下来没有什么不懂的，没玩过游戏的姐妹可以放心冲了。世界观很完整，场景很美，转场也不突兀，另外就是陈坤真的是绝世美男。
陆壹肆,5,28,['2021-02-12'],这样的制作值得5星，比起同期其他片好太多
杨柳醉烟,1,10,['2021-02-12'],初一带着全家老小来看，看了个寂寞。白瞎了这么好的特效，网易果然动画公司。配乐不错的，就剧本太烂了，太烂了，太烂了。
已注销,2,17,['2021-02-12'],比较烂，视觉特效确实比不上晴雅集，陈坤周迅颜值也不在，反倒那些cg动画做的小妖出彩很多。博雅戏份太多了，还无聊，导致最后茨木大战就非常潦草
唐小万,2,6,['2021-02-12'],妖可爱
Maureen77,2,8,['2021-02-13'],哎……就很失望 浪费这个阵容 迅哥儿的戏份还贼少
吾多觉,2,11,['2021-02-12'],没什么剧情。
NicKin,1,9,['2021-02-12'],跟烧饼生儿子的淫……倒是也没什么坏心眼 只不过一看这题材演员 还不是画皮的瓜皮质量
张顽强顽强突破,4,6,['2021-02-15'],本痒痒鼠玩家觉得还行啊，就是SSR有点少了吧。
没有意义的名字,3,7,['2021-02-15'],人物塑造极其空洞    强行煽情  。雪女的腿不错   应该多露露的   还有对师兄的手掌怪物有点印象 。。。。。。染发变强男主你是金木研吗
皮卡球哟kkk,4,11,['2021-02-12'],过年和好几个都没回老家的朋友一起看的，制作水准很高，有大片的感觉，主演的演技也特别牛，配乐太好听了。
meesterwoods,1,9,['2021-02-13'],屈楚萧负星滚
獨孤島主,4,4,['2021-02-13'],相柳是幽魂，是会被折扭屈服的执念想，是人心之中一切的电光火石，如此理解这部华谊出品，兴味无穷。
山微漾,4,4,['2021-02-13'],7.5。国产奇幻/魔幻片本来被看做中国重工业电影的扛把子，但后来现实题材（新主流大片、社会问题片）抢了风头，这个类型就萎缩了，2018年《狄仁杰3》《阿修罗》票房败北后，这个类型一度灭绝……也只有缔造《狄仁杰》系列与《寻龙诀》的工夫影业，才能把这个类型一直做下去。完全唐化，几无和风，某种意义上与《狄仁杰》系列一脉相承，也更类型，更商业，更有想象力。
鹦鹉,5,16,['2021-02-12'],电影太漂亮了。是属于我们的东方奇幻，特效很棒，国产奇幻片天花板了。小侍神身上的绒毛都能看得一清二楚，太可爱了，又萌性格又好，嘤嘤好想要好想拥有
桃雨,2,7,['2021-02-13'],呃。。呃。。呃。。fine。。
林象,3,11,['2021-02-12'],"人的设定比较弱，倒是鬼赤妖的设计不错。

屈楚萧有点尴尬，王丽坤演的桃花妖无功无过，但总感觉她有点愁气少点灵气，陈坤cos老手还是有点那味儿的，当然还是喜欢周公子。虽然没玩过阴阳师但打过百闻牌，还算有一点点代入感……对于完全不了解的观众可能就差点意思，平淡了些。"
豆友191491392,5,12,['2021-02-12'],没买到唐三的漂，来看看陈坤，没想到电影还不错哦
御姐控_光崽,3,8,['2021-02-12'],作为阴阳师游戏曾经的氪金玩家表示，周迅和陈坤非常好，两个人的羁绊很喜欢(但还是欠缺了点深度)，式神很可爱，画面还不错。但就是人物关系的建立差了些，故事也不太行。全靠周迅陈坤撑着我。
十四號門徒,2,6,['2021-02-13'],"比唐人街探案三还要低一星，不过我不会骂，毕竟好歹是认真的。
别的片子我写的出影评，因为我知道他哪里好哪里不好，说实话，这片子导演也够努力，无奈，就是没有水平，难道是广告专业的？可是北电的广导也有很厉害的人啊？
莫名其妙。
估计也只有阴阳师粉丝买单了，可我兄弟就是阴阳师粉丝，而他骂的比我还凶……
另外，我怀疑这个真的是2021年的特效吗？焦外全是贴图，光圈开的多大的，假装是个电影。
为什么要掺和这个春节档呢？"
ゆずさん🌈,3,9,['2021-02-12'],本来没有太大的期望去看这部电影，总觉得这类电影国内总是制作的很幼稚，小奶狗是阴阳师老玩家就陪他看这部了，却意外的有点出乎自己的意料，看到自己喜欢的平安京小式神一个个的登场还是挺喜欢的，桃花妖可以说很还原了，陈坤还真是适合这类亦正亦邪的角色…剧情其实没啥吸引人的…
好吃看得见,2,4,['2021-02-13'],世界观和人设做得比隔壁剧组好。废话实在太多，所有剧情都靠一张嘴推动。视效整体平淡，剧作缺少高潮。把晴明放小黑屋的选择太糟糕，即便陈坤都不大撑得起。陈伟霆的造型最有游戏感。迅哥儿是真的老了。
南城岚烟,1,12,['2021-02-14'],晴雅集完爆侍神令。侍神令适合小孩儿看，晴雅集更能让成年人沸腾。特别是那句以我之血，缚令诸神，杀生石主攻，狂画师主防，雪天狗主控制，职能分明，非常好看。特别是式神出场和技能，看的我热血沸腾，而侍神令，一堆小可爱+陈伟霆的厚腻子妆，差点就睡着了。也没有炫酷的打斗，看晴雅集博雅打的那叫一个热血沸腾，总得来说吧，晴雅集完爆侍神令，可惜了这个阵容，唉。1星给陈坤周迅。
佩奇小猪,1,6,['2021-02-14'],不知所云
我是肖喜多,2,5,['2021-02-14'],"我以为的《阴阳师》是游戏世界的还原、扩充和创新~
实际上的《阴阳师》是《千与千寻》+《哈利波特》+《封神榜》+《捉妖记》+《白发魔女》等等的“借鉴”与“致敬”。
买电影票的钱还不如直接在游戏里氪金！
就冲真男主是屈楚萧这个虚假宣传，就应该负分➕拉黑，最后两分因为隔壁有些片只值一分的基准。"
小熊酷比,1,9,['2021-02-13'],真难看……
雅怡画业珍宝收,1,10,['2021-02-14'],一星都多，粗糙之极！
B仔,3,4,['2021-02-12'],特效非常非常过关，原来是《寻龙诀》团队搞的，了不起。没玩过游戏不影响观感，玩过游戏的代入感能更强。除了陈坤周迅大屏幕质感稳定输出，配角意外出彩：给绿衣服的小姐姐和神乐打call，选贴合角色的人来演没毛病。虽然但是，个别台词现在看极具讽刺性。团队辛苦了，宣发团队费心了！
六条叔叔,2,7,['2021-02-13'],如果不是周迅陈坤的加持，本片甚至不如《晴雅集》。但是周迅陈坤也并没有让电影质量实现超越，只是让电影质感显得很贵罢了。都说娱乐圈有种友谊叫陈坤周迅，可能这种情感中也包含着烂片一起演的约定。开场以为误入《捉妖记》的片场，逐渐崩坏变成人妖《复仇者联盟》，后半程基本上就是李成儒老师的“三如”水平。搞了半天还在讲善恶人心，叙事格局又太小，全片人人都在那找主人，看的人又累又无聊。只想把屈楚萧调到隔壁郭敬明剧组看他脱衣服。
江湖骗子,3,5,['2021-02-12'],就算不好看，也轮不到用gjm辣菜哈。 不过想必也是水军在操作
李哉,2,9,['2021-02-12'],N卡、R卡大乱斗，紧跟时事，妖怪也要戴口罩
酩酊诗人,1,13,['2021-02-14'],我没看过这部电影，我特意来打差评是因为我的豆瓣被盗号并用于为这部电影刷好评，所以，我来报复了！
freeder,2,9,['2021-02-12'],唐3是塞入东西太多，侍神令则就这也能拍出一部电影，看睡了。
余小岛,4,5,['2021-02-12'],作为一个没有玩过阴阳师的普通观众，还挺被这个宏大的世界观所吸引的。人妖分裂的两界，阴阳师和各色各样的妖，比如永远背着一块石像的独眼小僧、古灵精怪的镰鼬、可以变大变小的鬼赤，以身为盾的桃花，各种活灵活现的小侍神特效细节非常精细。相比于人界的传统刻板，妖域反而显得生机勃勃。整体场景非常具有东方美学，国产奇幻大片新境界。
碧落旁宁,3,0,['2021-02-16'],迅儿掀袍帽那个镜头真绝了，真的好喜欢迅儿跟坤儿一起。故事我接受不能，美术化得还比较舒服，沈月神乐还是挺让人喜欢的
那那,5,7,['2021-02-12'],属于大人的奇幻故事，情节叙述顺畅有新意有质量，特效更是一绝，让我看到国产奇幻片的希望，一个与以往都不同的东方奇幻世界的构建，感觉还可以期待一波续集
Morning,2,1,['2021-02-14'],这是一部用公式写/拍出来的电影，而不是一部用感受写/拍出来的电影。实际上侍神的概念没有做得透彻，表层意思解释实在了显得落后和奴隶与奴隶主没差，往后延伸的忠心和同生共死也很封建，郭敬明玩了一个小聪明，他用这个概念去讲了一种情感的暧昧，但这部电影要玩那种正邪游戏，所以无法去讲这个暧昧。源博雅的角色基本是写废了，外带国产影视里永远只有出场戏天下无敌之后就谁也打不过的女主角百旎和神乐。我不知道游戏里的晴明怎么样，这个晴明就是正邪游戏的惯常角色哈利波特类型，但他的内心挖掘喝酒漠视是不够的，还不如师兄被邪魔的震慑有意思。那些棚拍的奇异光景如同成龙那部《倩女幽魂》一样，确实有古树流水，但并不是自然的光泽，一看就是人造光。
美国公主不扑街,1,7,['2021-02-14'],"因为是陈坤周迅  难听的话不多说
二位珍惜羽毛吧  这种吃了💩的感觉不想再从你们的电影里感受到第二次  被晴雅集吊打的水平"
绯芮,3,0,['2021-02-12'],整体超出预期。节奏还不错，全体颜值演技在线，特效优，鼠类萌。第一次体验这么全面的4D，有点像迪士尼的ride。
nicole,5,9,['2021-02-12'],视效nb！小妖太可爱了，最爱鬼赤！和陈坤的颜 
深,3,8,['2021-02-15'],还不如晴雅集。第三颗星只给久违的迅哥。
Yukip,4,5,['2021-02-12'],侍神令的束缚穿越人与妖界，情感纠葛，人心易变，妖倒真诚。特效非常棒，周迅陈坤的演技，颜值无疑给此片加分无数，陈坤最后守住自己，守住苍生，这绝对是正能量满满，为阴阳师正名! 周迅似乎片尾献唱是吗~ 要去听听 😜
,5,10,['2021-02-12'],饰演八彩的小姐姐太可爱了吧，又灵动又清秀。是娴静的少女也可以是默默守护庭院的守护者。因为《侍神令》认识了她，期待小姐姐之后的作品哦。
可乐路线,4,13,['2021-02-12'],侍神令很适合和朋友恋人一起看，可能没有喜剧容易让人接受，但跟几个朋友看完最大的感受就是舒服。演技舒服，画面舒服，这就已经足够了。
Joye Yin,5,17,['2021-02-12'],很久没看到像陈坤、周迅这种量级的演员共同出演了。要是我没记错陈坤跟周迅本人应该也是像晴明与百旖的那种感觉，有种灵魂好友关系。也不知道是不是有了这层关系，电影里两人配合的就更契合。
江湖骗子,4,10,['2021-02-12'],感觉这两年的国产商业大片越来越有进步了，不再是五毛钱特效和一味的追求大咖堆积，开始注重效果了，服道化都到位，再加上合适的演员，还是挺值得一看的。
少年,5,13,['2021-02-12'],"羁绊与征途，是有些日系的浪漫。侍神跟阴阳师的牵绊，这种互相信任共同成长的情感很能戳动到我。无论是过了多少年岁，这样无条件的信任与陪伴是最能打动到我的。
"
hyeuknow,3,10,['2021-02-12'],没玩过手游，只能说和我想象中的阴阳师不太一样。故事剪辑混乱，主配戏份不分，美术特效也只能算一般般，不过没关系，故事讲的不好，本演员粉还能看演员。看完还是有点难受，陈坤周迅也老了5555
刘大壮,2,6,['2021-02-12'],"特效美，但镜头乱，叙事一锅粥，
谁又能想到，令人印象深刻的角色不是陈坤、不是周迅、不是王丽坤，而是一只小妖精？
又要挖人妖区分，又想做《捉妖记》那样的合家欢。我怀疑在圈钱
不如郭敬明的《晴雅集》，我可以这么说吗？"
123全球变冷,5,14,['2021-02-12'],特效很棒，周迅，陈坤很惊艳
张小北,3,2,['2021-02-14'],本片规矩齐整，整体来说没大毛病。但作为一部春节档电影，光没有缺点是不行的，怎么都得有亮点或卖点才有机会。可惜本片没有至少一个特别之处，所以没办法杀出重围。
求仁得仁,2,11,['2021-02-12'],2.5，捉妖记3
JoeyLu陆柏宇,1,1,['2021-02-14'],捉妖记版晴雅集，难看没意思低幼无聊，而且我也看不懂阴阳师这类东西
Luc,4,4,['2021-02-13'],百妖夜行，美工和特效看得出下了功夫，尤其是皮肤、纹理做出了质感。最后的白发晴明很“惊艳”，主题上是完全围绕他“半妖半人”的设定展开，这其实是古希腊式的悲剧命运，但套在东方的阴阳世界观里，又可以用“走火入魔”来解释，尤其是那个大反派。陈坤和周迅到底是朝夕相处的合伙人，这默契感已经超越了眼神。屈楚萧的柏雅全程引导观众的视角，从晴明的庭院到妖域，即是电影配角也可是游戏玩家，情感和认识上有明显的转变，最后也落到了“侍神”的定义上。整体还是惊艳的。
熊某某,2,9,['2021-02-12'],真的不能再高了…
#咸鱼曳尾于涂#,2,4,['2021-02-13'],美术不错，妖域市井小妖精萌，陈坤山里的房子好看，沈月可爱，别的就都是毛病了
横道世之孑,3,3,['2021-02-15'],及格星给周迅，被公司搬砖挂羊头卖狗头宣传，实则只有十几分钟工具人戏份，友情客串却变样抬轿。但仍然演技slay全场，罢了，新年有迅看就开心。
Halla,3,3,['2021-02-12'],现在的国产奇幻剧真的好套路啊。大家都是这种平铺直叙、来点不痛不痒的反转，内容内涵都空洞到不知道拍这片子有啥意义，定位就算是爆米花电影也要来点新鲜的啊？这部结构完整的戏让人要打多低分，好像横向对比也不至于，但真的到此为止，我看腻了！！！
胡说八道猫！,4,2,['2021-02-12'],"加一星给周公子。
特效到位，偶有惊喜；场面精致但略有平庸。迅坤组合带来了这类电影中久违的高级感。但情节套路，格局亦未全面铺开。
P. S.屈楚萧演技真不错，这个玩咖竟然把中二之气表现得极为细致。沈月也出乎意料，重头戏支棱起来了。王丽坤的造型只有她的颜值才能hold住。
但周公子值得更好的剧本。"
百竹,5,9,['2021-02-12'],看了好多1星2星的，感觉是水军？！怎么都比晴雅集好吧，前天看完真的连分都不想打
累,1,10,['2021-02-13'],垃圾
grow_up,3,7,['2021-02-12'],"记得上一次看陈坤和周迅合作的作品，还是《画皮》。这次的《侍神令》又是相似风格的影片。阴阳师的原著和游戏都没接触过。就单纯聊聊电影本身吧。
服化道很精良。特效也不错。几位主演的演技在线。妖怪角色里，印象最深的是赤鬼。其他小鲜肉演技一般般吧。
剧本设计上来说，我觉得多少应该透露一些晴明身世这部分内容，也好吊吊观众们的胃口，为下一部埋下一些伏笔。
最后的彩蛋（姑且就算是彩蛋吧），感觉像是预算不够或者计划外后加上去的。就…挺突兀的，硬告诉观众们，“我们还有下一部”。而且还是完全动画片的形式。
总的来说，如果打分的话，六十到七十分。"
西凉虫,2,5,['2021-02-13'],看预告片就感觉不如《晴雅集》，会是《捉妖记》2.0，果然，哈哈。茨木造型太雷了，整得跟络新妇一样。
戲味尚宮,2,8,['2021-02-12'],国产人妖题材日趋日式漫改风，画面里看到了《千与千寻》的影子，剧情里又看到了《姜子牙》的影子。视效不乏宏大场面，但侍神妖怪的特效是真的出戏。陈坤演技在线，柔刚兼并，真·阴阳师了；原以为陈伟霆走的是绝美少年风，结果却是中二cosplay风，还是浓墨重彩到无法让人聚焦演技的那种；人类二人组设定突兀，作为推动剧情的关键角色又不得不戏多，就挺尬的。非游戏粉觉得整体剧情不太行，各种催眠预警。P.S. 有彩蛋。孙红雷的客串是我没想到。
美菊静候郎,1,4,['2021-02-13'],烂片一部，狗💩一样的片子，扑街了就甩锅，给你能耐的，抱着太监过一辈子吧。
chezer,2,11,['2021-02-13'],陈坤怎么这么油腻了，周迅脸也僵了，剧情更是稀巴烂。
流浪的蒜蓉,4,7,['2021-02-12'],带着玩家情怀给3.5吧。
九号球,2,7,['2021-02-14'],太无聊了
一條魚佔滿了河,2,3,['2021-02-12'],有陳坤周迅的part，和沒有陳坤周迅part，質感完全是兩部電影。
地球電波少年,1,7,['2021-02-13'],救了命了 陈坤选角合适一星 还不如那个类似题材的。。。。
一杯凉茶,2,13,['2021-02-12'],剧情稀碎，台词一口一个主人问你尴不尴尬，在电影院看彩蛋还被掐了，改编个鸡儿，阴阳师的cg都比这好看一百倍
软软糯米团子咩,5,39,['2021-02-12'],中国拍过的画面最好看的古装电影，太有东方美了，好绝！！剧情一般，情节推动有点刻意
pako,1,8,['2021-02-12'],我觉得应该是没有人想看屈楚萧和沈月谈恋爱的（微笑），剧情太差了差点看睡着。就天邪鬼赤设定好点，一N卡还挺可爱。
十二,3,12,['2021-02-13'],"侍神令没有晴雅集好看，真的。
故事弱，导演一般。
不管是陈坤和周迅的感情对手戏，还是晴明与博雅的心心相惜，都不动人。还浪费了陈伟霆的颜。惟一动人之处，是陈坤最后不惜身灭换妖做其侍神。可惜，这一点点的动人，撑不起整部剧。"
山文新鬼,2,8,['2021-02-13'],"陈坤是帅的，虽然所有古装黑化造型都差不多。但讲真不是让陈坤拍了个宣传片，然后偷换主角么，博雅演的像个傻子，神乐像个无脑追星妹。好歹这个游戏我玩了四五年，但看起来竟然那么陌生，这要感谢电影的服装，特效以及人物设定，让我看到了一个全新的阴阳师…讲真天地三千的传送门不是抄的雷神彩虹桥么？那些小妖怪长得和鬼一样为什么要装可爱，旁边有不开眉眼家长带着孩子来，小姑娘一直说妈妈我怕…指望一堆R卡守城，直面丧尸围城我也是醉了…槽点太多…一言难尽"
fukochan哔哔轰,2,12,['2021-02-12'],前面还行，后面？哈利波特收服伏地魔变身钢铁侠大战陈伟霆吗😂虎头蛇尾啥子东西哦，就美术可以看了。八百比丘尼还跟晴明暧昧……emmm槽点略多
闵思嘉,2,6,['2021-02-12'],其实是个解读侍神令意义的片子，体量太小以至于塞进去很多妖域的无意义的戏，看起来是做世界观，但是没有人物情感线直接空降深情也是立不住脚的，于是就很大程度要建立在周迅和陈坤这几十年戏里戏外的情分和观众缘身上，结局属于大型崩坏。这片的主角明明是屈楚萧啊！有一说一，陈国富+张家鲁，美术还是不错的。
ystevez,3,4,['2021-02-12'],一个完整的故事，还不错
🖱🖱🖱🖱🖱🖱🖱🖱,5,12,['2021-02-12'],周迅！！！！！！！！
staygold,1,8,['2021-02-13'],烂片
云天,2,10,['2021-02-13'],主演都在客串太不敬业了，拍《捉妖记3》怎么没请梁朝伟？
王好,2,8,['2021-02-13'],它但凡好看点我也不至于睡得那么香那么沉，从渣男沈月陈坤三人在妖界相遇开始我就昏睡过去了，睁开眼陈坤头发白了，出字幕了……
lc2kfc,3,1,['2021-02-16'],故事完整、特效精细、服装精美，但就像玩了个比主线故事性差不少的节日特别活动。
sweetbear,2,4,['2021-02-17'],整体呈现一种过时的感觉
Xinca,2,9,['2021-02-14'],部分置景值得好评…但讲真，各位真不觉得妖怪们都是从86年西游记里传送来的吗？
桃子乐,2,9,['2021-02-13'],主人，主人，主人，我都听麻了，你把自己当个人吧。这里面的妖也太老实了吧，而且人类就非得当妖的主人吗，凭什么啊，妖比人厉害那么多凭什么要认你人类当主人还得为了你们去死，凭什么啊，都是一个世界的生物不懂得彼此尊重吗
史密斯思密达,4,5,['2021-02-13'],"侍神令自然是春节档的一股清流呀，这是个纯粹的奇幻类型片，呈现出来的特效场面不输《晴雅集》，当然这部由网易出资，改编其旗下著名游戏《阴阳师》，在游戏场面还原度上下足了功夫，而侍神们也个个生动形象，表情丰富一点也不违和，美术观感上赏心悦目。
剧情上也算流畅自然，唯独在人物人设和情感铺垫上少欠了考虑，陈坤和周迅的感情走向反倒是不如男二和女二，最后用博雅的自述来完结剧情有点儿主次颠倒了。
三星加一星为周迅不值啊。"
爆米花教主,3,0,['2021-02-15'],这里面的妖真是弱爆了，连话都不会说。预告片打着陈坤和周迅的幌子，结果主角是屈渣渣和沈月。虽然我喜欢陈坤，但票房扑街真是大快人心，谁让片里有那么多屈楚萧的戏份呢
冯嗯,4,3,['2021-02-15'],剧情很流畅，立意很明确。陈坤真的非常美啊，屈楚萧和沈月被恶意营销了吗？戏份没有很多，很好笑啊。画面也很好，有7分吧，6分低了，拉一下分。
腿部多肉算胖不,1,6,['2021-02-13'],屈渣就别出来洗了，令人恶心
一种技术,3,0,['2021-02-12'],每个人物都想吐槽 但是除了陈坤和陈伟霆 其他人物在故事线里都没有存在的必要…吐槽都不好吐///还觉得屈楚萧帅，我这眼神儿呜呜呜
LZ Tao,2,10,['2021-02-12'],踩个雷，周公子和陈坤是因为想要接诗眼倦天涯，而被迫打包了这一部吗？
invisible,1,7,['2021-02-14'],尬影:尬演技尬特效尬妆。台词大多半对不上口型，这种类型的电影就看得我心里痒痒，难受
WIKI魏,2,0,['2021-02-16'],看了想给《晴雅集》加分的水准。《侍神令》不算阴阳师，不算晴明系列，是单薄的儿童文学+一堆小喽啰妖配角+《捉妖记》画风的预告骗，有厂花和迅爷还能这么差对不起大家的票
看家本领,2,7,['2021-02-12'],………和唐探三比起来，真没想到这个更让我忍不住看到一半就评分。忍不住再评价点，就是高配版赤狐书生，一样难看
椰菜花美味可口,1,8,['2021-02-12'],网大，懂？
千鸟欢喜天,2,3,['2021-02-15'],饶了我的晴明吧=_=
基本无害,2,9,['2021-02-12'],陈坤周迅再美也救不了这部电影，我想编剧一定没少看雷神3吧，照虎画了一只猫，真有一套。
狂生,2,9,['2021-02-12'],一星给厂花颜值，一星给赤鬼，剧情一塌糊涂，我全程都在想一个问题，为啥《雪中悍刀行》不找厂花演徐凤年，这特么就是活徐凤年啊！！草！！！
fly_with_MOMO,2,7,['2021-02-12'],同样是阴阳师题材，竟然觉得不如晴雅集，故事框架搭建得很空虚，陈伟霆的反派反的莫名其妙，其他的侍神都是么得感情的工具人。晴明的觉醒，蛇妖boss的臣服都带着点时间来不及了赶紧结局的味道
ZetaStayWeird,2,6,['2021-02-12'],整个看的过程仿佛李诚儒在我脑子里念三如咒
酸奶菜菜Milki,2,9,['2021-02-12'],给特效加一星，故事是真差劲，周迅陈坤也拯救不了
#ㅠ#,3,2,['2021-02-15'],看到厂花最后的形象，我终于看懂了！磷石即零食，侍神即食神。这个片子的主旨是人不要老想着吃零食，不然轻则要剁手，重则变胖变丑。只有抵抗了零食的诱惑，才能最终变成（周星驰版）的食神！
安仔大kuma,2,7,['2021-02-13'],游戏根据书改编的，电影却强调根据游戏改编的，我纯粹觉得挺好笑的，看和郭四那部谁更烂，没想到这部更烂啊！可惜陈坤和周迅，全程花瓶。|八彩哪位mm演的，真好看！
皮卡丘～啾咪～,1,9,['2021-02-12'],全程好无聊，快睡着的水平，一星给周迅
葵花籽,2,3,['2021-02-13'],小式神搞的再可爱也拯救不了这片。完全没灵魂啊，干巴巴的。周迅看着也不灵了，化妆也很灾难..感觉就是五块钱的假美瞳，妖狐化后的陈伟霆也太油腻了！屈楚萧这直男癌的脸我实在看不下...意外发现蝴蝶妖是小八演的 虽然长相没变但气质也是跟两三前大不同了
黑色长尾夹,1,9,['2021-02-14'],百十来块钱一张票，白瞎了，除了桃花仙和蝴蝶仙，啥也没记住
paracetamol,3,7,['2021-02-14'],一星给陈坤和周迅 周迅的哭戏那么有感染力 放在这电影里都浪费了我觉得。半星给化妆辛苦的陈伟霆 半星给小演员 长得也太帅太可爱了 尤其那个小慈沐 半星给妖怪们 半星给孙红雷的配音 不知道他们有没有觉得晦气和这几个演技尬尬垮的人搭戏。我特么的看的快睡着了 陈伟霆那个特效笑死我也 然后我周围坐了一群大老爷们 全程都在骂屈楚萧傻逼憨批 笑死我了 
Wind,4,3,['2021-02-12'],大年初一去电影院看了，难得赶新片，凑一下节日的氛围。看完感觉挺满意的，陈坤好帅呀～～哈哈！剧情感觉也完全没问题，就是三只小妖伪装成无脸男的样子让我一秒出戏，还有妖域和一些配乐也都让我联想到千与千寻，这点我也不知道该怎么说啦。。。整体我觉得挺不错的，剧情也算不落俗套。
摄氏零度,4,0,['2021-02-15'],我个人还是挺喜欢的，好过曾经的预期太多。脱离游戏看挺棒的，特效也是相当可以，不过和游戏比它是另外一个故事了。陈坤的颜和气质简直是为妖异世界而生的。这部剧最大的问题可能就是玩游戏的觉得它不够贴游戏，不玩的又觉得看不懂剧情。
幸运+++,1,2,['2021-02-15'],春节档第五弹，春节档的烂片率实在是有点高啊，剧情稀巴烂，慈沐一出来我就说他是大反派。屈楚萧长得太像包贝尔了。确实还不如晴雅集的感觉。
豆瓣路人己,2,3150,['2021-02-12'],听说过这片子不如《晴雅集》，看之前我不信，看完之后，我深信！
孙柔软,3,5387,['2021-02-12'],确定不是打着陈坤和周迅的幌子捧渣男和瞪眼妹？
六姨太,4,1119,['2021-02-12'],周迅一双鹿眼真是好看，那天生就是要登大银幕的。
华盛顿樱桃树,3,1698,['2021-02-12'],好久没见这么饱和的视效大片，好过之前某版。陈坤周迅一出来就显得片子好贵，就想看这些老牌大明星啊。虽然周迅这次很花瓶，但陈坤真是这类角色做到了角色统治，披头散发太美了。
鬈毛毛,1,2099,['2021-02-12'],好久没在大荧幕上看mv了，观感不错，我这就携全家给郭敬明道歉去
已注销,1,1393,['2021-02-12'],"是看了想给晴雅集改分的水平。  
避雷：真正的男主是屈楚萧。"
sundaland,3,579,['2021-02-12'],一个老年重度熬夜患者，起大早去看电影看完真想吐血，见证了中年玛丽苏现场，博雅神乐强拉cp，阴阳寮战力拉胯，残血惨遭暗杀，各主角严重ooc，ssr就出了一个茨木童子，除此以外最厉害的居然是雪女和桃花妖，晴明还需要自己去打架，是请不演员吗，全程无高潮，是做不起特效吗，真的很无语啊，买票看的不就是各种炫酷结印，各路ssr互殴，不是看你赤身肉搏啊，庭院住的都是什么小辣鸡啊，还有，博雅是用弓的，真，无语
咪咕噜,4,929,['2021-02-12'],阴阳师死忠粉前来报道！是我喜欢的风格！本来以为真人版多少会有点违和其实并没有！满意子满意子，就是不知道凭票根能不能送ssr哈哈哈哈哈哈
仇丑,3,395,['2021-02-12'],天邪鬼赤演技碾压所有演员。
旭轮,2,2523,['2021-02-12'],男一屈楚萧女一沈月
今天也没有吃鸡,3,293,['2021-02-12'],万万没想到是我妈要求去看的，曾经痴迷阴阳师的我看到镰鼬想到日肝夜肝的过去，也太怀念了，庭院里的小式神都好可爱哦~天邪鬼赤和橡皮糖似的皮实，雪女出场造型还以为是青行灯，以为沈月小个子和圆圆脸演神乐居然挺合适，我爹看上了陈伟霆，我妈喜欢桃花妖，我想看看烟烟罗，酒吞童子，大天狗……结果只有鸦天狗emmm整个故事一般般很乱主题很多很复杂，前半段又要讲故事又要把人都凑齐，也是挺赶的
Eorl,2,1429,['2021-02-12'],虽然我是挺讨厌小四的，但不得不说这片子故事性没得晴雅集好，别洗了，说晴雅集好看的绝不会是因为小四啊，是这片太难看了。忍不住花了钱也想打差评系列。
LING,3,344,['2021-02-12'],强过晴雅集
Thomas,2,676,['2021-02-12'],有陈坤周迅，这电影能这么无聊也是厉害了👍
鳄梨绿的电冰箱,2,469,['2021-02-12'],我想用儿童文学作对比我都找不到叙事这么单薄的儿童文学 
天马星,1,1160,['2021-02-12'],大型预告骗，片方都不敢把主角印在海报，导致进场看到这个人一阵恶心，最搞笑的可能就是陈坤那句扣扣嗖嗖，某人戏里戏外的形象可真是一致啊。剧情《雪妖魔灵》化，服化道《捉妖记》化，打斗《奇门遁甲》化，整个二流奇幻电影垃圾回收场，这里真的要给《晴雅集》道个歉，你们的服化道+音乐+视效真的吊打竞对啊！
北岛淳子,4,720,['2021-02-12'],这么多年了，陈坤&周迅同框依旧是华语最舒适的银幕CP，爷青回很满足。晴明和百旎青梅竹马的感情早已超越男女之爱，是那种灵魂深处的彼此信任和守护，即便带到演员身上也很信服，这对角色塑造很重要，也是本片最重要的感情内核，比想象中更加震撼人心，几度动容。白发晴明梦回厂花，最惊讶陈坤的五官比以前更精致了，周迅的皮肤也是好到不行，太养眼了，都怎么保养的？
詩文,1,758,['2021-02-12'],竟然比晴雅集还难看
草原小妹妹,3,286,['2021-02-13'],你们用陈坤周迅把我骗进来，给我看屈楚萧沈月？？？白瞎陈周
白竹,4,637,['2021-02-12'],美强惨设定的晴明和陈坤不要太契合，如果论美的视觉效果，应该是春节档最强当之无愧。基本上符合对阴阳师的预期，老手游玩家看的还是挺爽的。故事节奏还不错，晴明献祭妖王，以肉身作为代价拯救苍生是高光瞬间，曾被世界背弃的人，回过头来又拯救世界，这个梗我白吃不厌。PS：陈伟霆的中二红发是亮点。
🐳🌟😋,1,667,['2021-02-12'],海报和宣传没有屈楚萧，结果电影里他是主演，比陈坤周迅戏份还多，这不是虚假宣传吗？
^^,4,523,['2021-02-12'],有陈坤和周迅就值回票价！
朱美玩泥巴,2,422,['2021-02-12'],好尬好无趣的剧情，主演屏幕上脸都略垮，四分之三时间都在打瞌睡。😪
Bununu,2,319,['2021-02-12'],……这剧情是用脚趾头想的吗……主角根本不是陈坤，是屈楚萧才对吧？这也不是晴明的故事，这是一堆配角的故事+捉妖记的故事，三毛特效+三流剧情，真不是我苛刻，几乎坐满了，但是我前后左右都感觉屁股长刺坐不住，狂打哈欠……多一星给厂花，希望他多点好本子
哈哈大笑,1,515,['2021-02-12'],导演水平还是很差 可以看见电影里面有模仿捉妖记痕迹 男主再一次重复厂花角色 不如晴雅集
Ruby,2,304,['2021-02-12'],实在太无聊了，太尴尬了
豆蔻年华,1,444,['2021-02-12'],啥呀。场面撑不起配乐。各种尬演，拍的太草率了。
莉莉瑞瑞斯,2,299,['2021-02-12'],诈骗诈骗！屈楚萧戏份比坤迅还多！活该扑街！
白目,1,417,['2021-02-12'],屈楚萧会接是因为想合法做s吧“我就是你的主人”。
希bo莱,3,219,['2021-02-12'],除了厂花、周公子，美且妖孽得不可方物，剧情比较平淡
软杏,1,389,['2021-02-12'],屈楚萧怎么还没糊🤮片方也是阴阳人，说好的主演陈坤周迅，结果摇身一变变成了沈月屈楚萧，陈伟霆的戏份还没屈楚萧多，这算哪门子主演？？？
烦躁蛋炒饭,1,364,['2021-02-12'],阴阳师玩家看了直骂街。犹如《千与千寻》+《哈利波特》+《我和僵尸有个约会》大杂烩。神乐选角烂到无比，不是矮就能演神乐的。源博雅人设改到仿佛一个冲动的智障。陈坤演啥都已经厂花化了。(说好看，值回票价的水军，你们良心不会痛吗？
StephenYKQ,1,357,['2021-02-12'],非常难看。非常差。刚开始还想说是低配版狄仁杰，我这么想真是对不住徐克。真的是恶心他妈给恶心开门。我没睡的唯一原因是快被气死了。离谱。好久没看到这么差的电影，第一次这么差的电影我还坚持到看完了。我以人格担保，《晴雅集》要比这个好看一百倍（我知道不是同一个本子）。怎么说，《侍神令》真的是一无是处，各种技术问题，故事、人物等等啥都完全不堪入目。这个黑化陈伟霆真的不如《爵迹》哦！不知道要用怎样恶劣的语言去描述这样一部电影——啊这也配得上叫电影吗？陈坤真的人间油物，这个傻逼还装逼的形象是他本人吧，突然好喜欢黄晓明了。最伤心的是要脱粉王博学了，干啥呢，给你ALEXA LF是用来跑焦的？隔壁《晴雅集》VENICE疯狂推镜头呢还……呕
三水,1,301,['2021-02-12'],"我后悔在开场五分钟想走的时候没走，有这么骗钱的吗？？？音乐服装做的浮于表面，动画特技创近几年影院观影最差，剧情就是 shit  ,   不等评分出来再看我就是🐶"
看个电影不容易,1,258,['2021-02-12'],陈坤周迅是喜欢的 但这个片子一言难尽… 仿佛看到了年前3.多的 赤狐书生… 比郭敬明还差！
有心打扰,2,223,['2021-02-12'],论人妖SM文化的博大精深，抖M对主人的一往情深，誓死相随。
？？？,1,213,['2021-02-12'],冲着游戏ip去的，结果大失所望，只能用四个字来形容：极其无聊🙄️
Margot芒果,1,235,['2021-02-12'],"啊这是在干什么……真的好难看啊……能不能别拍这中不中日不日的东西 违和感太强了 看得我浑身不适 一本正经讲什么阴阳师阴阳寮侍神令 感觉好中二啊主角其实是屈楚萧和沈月吧 屈楚萧演技真的 全程在干嘛啊 只适合演叛逆少年 稍微有点内涵的东西就演不出来 沈月更离谱 首先长得就很emmmmm其次全程都在莫名其妙哭 你哭什么啊我真的不懂 不是伤心难过不舍都是随便一哭就行了好吗？陈坤也完全没发挥吧 全程就是看我好帅看我好美看我厉不厉害 周迅中规中矩但逻辑太奇怪了吧 小时候就跟人家定什么侍神令占别人便宜还理直气壮 这能叫爱情吗？陈伟霆的角色也很牛逼了 谁敢信统治世界的初衷居然是渴望力量 我反正是服了论演技也就周迅王丽坤和绿色女配还行 其他人完全不知道在干嘛 总的来说是看了需要赔我精神损失费的程度"
邓安庆,4,394,['2021-02-12'],作为陈坤粉儿跑去看的，有一种看一部算一部的感觉，毕竟坤儿现在拍戏好少。这部电影里，他是半妖半人角色设定，哪边都是叛逆，哪边都不信任你，莫名地让我想起了《天龙八部》里的萧峰。陈坤的表演有张力。他有妖媚的一面，又有脆弱的一面，一抬头，一皱眉，情绪翻涌，颇为动人。看他与周迅的对手戏，合作得很是自然融洽。掐指一算，快二十年了！从2001年的《像雾像风又像雨》，到2008年的《画皮》，再到现在这部，这么多年下来了，还能一再合作，真好。
想去的远方,3,57,['2021-02-12'],拍这种奇幻片虽有原IP加持，但最重要的也是编剧和导演的想象力。从技法上来说还可以，虽说场面和剧情都缺乏丰富想象力，但是完成度总体还可以。周迅不出所料最大亮点，既帅又飒，演技还在线。剧情偏老俗，基本都能猜出下一步走向。部分场面、视效、运镜、打戏等技术方面偶有亮点，但也少有尴尬和低幼。不公不过，值得一张票钱吧。
后自愈,1,226,['2021-02-12'],啊这，屈楚萧其实才是男一吧，这是不是诈骗？整个剧情挺无聊的，一个三十分钟的体量延长到了两个小时，中间废戏废话实在太多。沈月在里面演戏是认真的么，跟闹着玩似的。某些方面还没有《晴雅集》做得好。
黑橙子,2,233,['2021-02-12'],烂得挠头。
我要你的哥哥,1,210,['2021-02-12'],什么玩意 一星都不想给 骗钱的大烂片 周迅陈坤以后别再吹什么演技派了 明明是骗钱派 赤裸裸的假宣传 这种欺骗观众欺诈消费者的行为难道不应该被抵制？周迅是老的没法见人了嘛 出场10分钟 就nm恶心🤢
豆友,5,380,['2021-02-12'],从演员到班底到剧本都非常值得期待的一部作品，所以早早的就看了，整体算是基本符合预期（本身就预期比较高了，毕竟陈坤+周迅+寻龙诀团队+阴阳师背景，太对我胃口了哈哈哈哈，针对不肝游戏的，如果喜欢看大场景的也可以考虑，画面很美值回票价
前苏联游魂,4,238,['2021-02-12'],这部片子对我来说意义非凡，因为我五六年前说过陈坤是国内最适合演阴阳师的人选，那时候他演了个钟馗；也曾许愿过陈坤陈伟霆合作，俩人亦正亦邪亦妖亦神雌雄共体的气质不合作一把合理吗；其三，继画皮后终于再次等到了坤迅粮，妖亦有情。一部片子同时圆满了我三个愿望。555神仙阵容我老汉落泪。
韦斯安徒生,2,218,['2021-02-12'],导演一旦拉胯了，什么阵容特效都拯救不了。
云深不知处,4,188,['2021-02-12'],视觉效果做的很好，故事情节连贯性比较好，不像晴雅集乱七八糟，人物表现方面演员都比较好，的确是周公子出来就觉得这电影好贵。总之最终打架那里boss死的太过于简单比较不足吧，但是我还是觉得比晴雅集那个到处裸男卖腐，衔接乱七八糟的垃圾片好多了。
招财旺运土壕金,4,150,['2021-02-12'],《侍神令》绝对是2021春节档最吃亏的影片。影片剧本是过硬的，而且在影片服化道美术风格上非常忠于原作风格。陈坤 周迅 屈楚萧的表演特别给人惊喜，周迅有几次把我惊艳到想在影院尖叫。在对非现实魔幻风格的创作中，电影团队请到了日本工作人员，让众妖怪格外可爱，萌感超乎预期的达标。唯独的失败之处可能就是一些段落会让人不自觉地联想《千与千寻》和《哈利波特》，最后的正邪大战还有点像在看《超人归来》和《超人钢铁之躯》……可是瑕不掩瑜，这依然是一部非常出色的东方魔幻大制作。魔幻片现在的市场太需要被拯救了，《侍神令》是很值得去影院看的，而且团队没有因为宏大场面就胡乱转制3D也非常良心。必须要为2021春节档最吃亏的影片摇旗呐喊一下，希望能有续集！
Camusholic.,2,181,['2021-02-12'],侍神令搁这玩sm呢，再看陈坤对周迅说你是我的主人我就要死了
蛋挞王子,2,172,['2021-02-12'],扑街无疑，连捉妖记一般的水平都达不到，主角？我想一定不是周公子和陈坤啊，感觉有1/5的时间都处于不露脸的状态，我接受不了！阴阳师文化我也是难有共鸣，Boss的造型也是丑哭，真的不知道看点是啥，两颗星是给我赶8点场的鼓励吧，唉…难过😫
不是假发是莉酱,1,180,['2021-02-12'],看得我头皮发麻胃酸翻涌
郭大侠,1,181,['2021-02-12'],难看的呀！
Tailer,1,166,['2021-02-12'],要剧情没剧情，要场面没场面，要特效没特效。一个海坊主的破楼，三次打架都用一个景。全部妖怪，要不是冷兵器，要不就是纯肉搏，你们的妖术呢，里面就雪女和桃花妖能看的过去，你起码跟游戏里的特效有点关系吧。白瞎大IP了，全篇一股子廉价味儿，我服了，桥断了妖怪来人间的路就断了，我真的拜托编剧动动脑子啊，周迅和陈坤救不了了，大家没买票的快跑吧，求了
一阵雨,3,55,['2021-02-12'],角色最完整的是屈楚萧，自身故事线完整，有成长，结尾都是以他的视角。周迅和陈伟霆更像是特出，角色都很扁平，性格转变也很突然，没有发展空间。沈月发挥不错，得益于角色适配。其他配角中规中矩。陈坤很可惜，妖感过重导致在演七年前时很突兀，而且因为剧本的缘故，晴明整个人物都很平。电影特效制景很好，但妖怪形象太过《捉妖记》，导致与真人共存太过割裂，不过好在很灵动。与《晴雅集》的区别就在于这部重点在描述妖和景，小四重点描写人和情。两者如果可以取长补短，应该能更好完成这个IP。
半生少年游,1,186,['2021-02-12'],真的，您工夫影业拍的真就不如郭敬明！郭敬明好歹还知道把画面做的漂亮，好歹还有个故事，故事还给你设计个悬念起伏，您这，毛都没有！周迅那角色存在的意义是什么？专门死给我看的吗！屈楚萧沈月那俩角色存在的意义是什么？对您最后的结局有啥推动作用？纯展现世界观的吗！我去，晴明还一见面就给源博雅绑个侍神令，沈月就一下子抱大腿哭着喊着我也要我也要，真他妈让人呕吐。卖腐也不是您这种卖法！更垃圾的是，后来又说不是。我呸！您就是既想当婊子又想立牌坊，既想卖个cp，又不好意思直说，您还不如郭敬明坦荡！最无语的就是陈伟霆那角色。我靠，美术造型直接拉出去喂狗，丑到爆！还有陈伟霆自己，能不要再扭捏个头装妖冶吗！辣眼睛！郭敬明是明摆着告诉你我就是卖肉。您这，卖肉都没人想看！呕！
TONG≥り,1,162,['2021-02-12'],看得不堪一击，牛头不对马嘴
金魚花火,1,166,['2021-02-12'],难以置信的差 竟然比晴雅集都差很多 说是根据游戏改编 既没有游戏的故事 也没有游戏的人设 角色名字改的乱七八糟 美术不及晴雅集华丽好看 音乐跟游戏一样是梅林茂 然而配乐在电影中也显得平凡无奇 晴明跟八百比丘尼谈恋爱 博雅跟神乐搞暧昧 整个都是直男编剧无根无据的胡编乱造 节奏拖沓 台词粗糙
饮泽,2,171,['2021-02-12'],中国导演在拍烂片的路上一直都很努力，如果不是有周迅陈坤这两个名字，电影两星都不配
米兰核心丹尼尔,2,115,['2021-02-12'],这剧本写的还不如郭敬明感人，而且两妖对垒居然是拼刺刀和拳击？
冬 寂 網 路,1,127,['2021-02-12'],不知道如何评价，本地化真人版可能是阴阳师做过的最坏的决策，敢肯定《阴阳师》手游玩家们肯定不喜欢，梦枕貘粉丝们不会喜欢，一般路人看完也就图一乐，高配版《捉妖记》desu。
华夏骄子,1,142,['2021-02-12'],看了十分钟退场了，陈坤演啥都是一副娘炮样子，陈伟霆毫无演技拖后腿，一分给周迅
飞翔的鲸鱼,1,163,['2021-02-12'],陈坤大妈和周迅大妈实力劝退
有鱼,1,144,['2021-02-12'],我能说还不如《晴雅集》吗？美术特效都是5年前的水平，跟隔壁《刺杀小说家》一比实在是差太远。屈楚萧戏份远比你想象的多。
晴天,1,128,['2021-02-12'],和晴雅集差不多，但看完后感觉还赶不上晴雅集
地夜,1,113,['2021-02-12'],审美比不过晴雅集，妖怪跟捉妖记似的。
串线串到峡谷,2,151,['2021-02-12'],本来以为坤哥迅姐一番位 戏份应该很多 多加了屈楚萧这个丑男好多毫无意义的戏 俺吐了
小伦桑,1,122,['2021-02-12'],我服了！！！作为五年玩家！为什么要这么伤害我
室内滂沱,4,116,['2021-02-12'],万物有灵且有神采，尊重天地间的任何一方生灵，是此类奇幻故事的价值核心，《侍神令》里最有趣的是让各种丑萌丑萌的小侍神都活起来。“阴阳师”世界观里的“妖域”看上去更像是一个“资本自由市场”，它当中充满了莽撞的市井气，被来自人域的主角所目击，亲眼见证从前被建构出的敌手并不是那么可怕，是一次重要的阅世经验，故事主角是陈坤、周迅，但它更多是站在青年一代的视角去看这个壁垒森严的被划定世界。因来自于游戏IP，片中角色在攒大招、出大招时，镜头拍摄的角度，和他们的身姿pose，都有种破次元的感觉，这和通常的电影标准并不一样，能理解影片的“内味儿”，大概就能知道某些动作设计和人物关系的处理因何会是这样的。有时真想再变回少年，心无旁骛地让自己陷进这个虚构世界当一次飞行在空中的救世主。
废话大王万树里,2,123,['2021-02-12'],😅不知是我的期望太高还是本身就烂
wayne,2,126,['2021-02-12'],陈坤越来越油了，演什么都是一股阴柔雨化田的味，周迅也确实老了，剧本太拖垮，就特效还行，相比之下第一次觉得郭敬明版的居然还不错
Junoyet,1,123,['2021-02-13'],买票是我的错，拍这个东西出来是你们的错。
野航,3,61,['2021-02-12'],我觉得还不如晴雅集……
水晶乌鸦,4,98,['2021-02-12'],观影体验舒适，完成度很高，视效应该算得上是华语奇幻片的巅峰，个人觉得是春节档必需到影院看的奇幻大片了。也很适合和最亲近的人一起，感受和体悟关于羁绊的含义。最喜欢的依然是百旎和晴明之间的羁绊，贯穿了两人的一生。侍神终身为主，但主人也为侍神护佑，这种感情是超越友谊与爱情的存在。灵魂相交、生死与共，结合陈坤周迅二十年的至交友谊看，让这部电影整体的故事和情感表达都升华至了华语大片顶级水准。
Helle,2,92,['2021-02-12'],好莱坞类型片的一锅乱炖，还不及游戏文案组水平的十分之一；美术也混乱不堪，没有统一审美。两星都已经是友情分了。一百多的票都不如买个典藏皮肤了，摔！
没有感情的机器,2,91,['2021-02-12'],主仆SM调教，比《捉妖记》更低幼，比《晴雅集》还荒谬。
我说你去哪了,1,121,['2021-02-12'],屈楚萧这个烂人在里面像主角一样。最后，真的不如晴雅集。
消亡之人,1,121,['2021-02-12'],"2021年第一部电影是这部真的会让人觉得中国电影永远都没希望了。
问题太多太碎，不知从何说起。几乎有过往的中国奇幻电影犯过的所有的问题，很惊讶直到今天还是这样的。
最大的问题是毫无想象力，最有想象力的部分可能是让一群妖怪进行物理战斗，连接人妖两界的桥梁竟然是可以用嘴啃断的。
几乎是一种滤镜式创作，古代的、日式的、妖界的滤镜，甚至滤镜的效果和美学风格也是不统一的。
最烦的问题是对节奏完全没有把控力，战前陈词的时候屈楚萧插科打诨，仗打到一半再来慷慨激昂，说话的功夫够他死几万次了。"
诸葛亮,1,108,['2021-02-12'],看到睡觉💤不喜欢
小丸子的假期,4,701,['2021-02-12'],四🌟给周迅，给这位典型的人保戏的演员。百旎这个角色凭心而论确实不好演，戏份少不说，如果换做其他任先不说根陈坤的晴明能不能有cp感，一定是一个很没存在感的角色，但是周迅来演了，所以角色活了，她的台词一出，声音搭配这张脸，整个画面都精致贵了起来。
doll well,4,87,['2021-02-12'],特效做得真好，数字角色的精细程度真的服了。被侍神又戳萌点又戳泪点的，心都化了，请问哪里可以领养一只这样可爱的侍神？
沁言子,1,98,['2021-02-12'],这部根本就没有买原著版权，只是买了游戏版权，而原著作者说了从来没有授权给游戏，最烦这种操作了！！我求求陈坤挑几部好点的电影吧，别再营销美貌了！那是没演技的人干的事！你不年轻了！多演点良心之作还能冲冲奖，一个大奖都没有，不尴尬么？？
山吹绿,2,91,['2021-02-12'],后半段简直不能看，角色集体降智，阴阳师打得跟超级英雄一样
二月鸟语,1,79,['2021-02-12'],3.8/10，一星半。意料之中，一部视觉系片子，太无聊了。说实在的，剧本还不如郭敬明的《阴阳师》，游戏改编还是没有原著改编靠谱！但服装和美术做的不错，可以加1分。屈楚萧的演技太尬了....给沈月加1分，就酱～（郭敬明阴阳师一星，这部其实不相上下，但综合上可以多半星）
tree.,1,112,['2021-02-12'],巨难看，妖怪像西游记的狮驼岭群演，毫无美感，剧情问号，我给郭敬明道歉🙇
你在南我在北,5,262,['2021-02-12'],晴明、雪女、百旎，当看到熟悉的人物具象化了的感觉很奇妙。原本是不喜欢自己喜欢的IP被影视化的，是因为选角跟拍摄总是让人吞了苍蝇般难受。但是陈坤、周迅还有什么好挑的呢？简直不能更完美了。感谢网易用心对孩子。
已注销,4,96,['2021-02-12'],陈坤拿的可能是迪士尼公主剧本，magic hands magic hair 还跟小动物说话，还要跟恶龙做交易。多拍两部片吧产量太低对不起这个脸
別演戲（Don't a,1,95,['2021-02-12'],🥱看睡着了
哪吒男,1,48,['2021-02-13'],送给SM爱好者的格言：找不到好主人，就去当别人的主人！
llkoopp,1,90,['2021-02-12'],"看之前就知道是炒日本冷饭，也已经充分做好了唐风＝东洋风的心理建设。结果还是被这部片子的骚操作闪瞎了双眼。
本片又名《漫威宇宙之中美两开花》，开场长的和火箭浣熊一模一样的妖精让人大开眼界。中段博雅和赤炎的打斗完全复刻索尔与绿巨人在罗马斗兽场的摔跤比赛。并且把绿巨人变成了“红巨人”。到了结尾揭穿阴谋，原来是一个类似红骷髅的反派想要拥有无限宝石（鳞石）的力量而引发了一系列的骚乱。
所谓高潮戏的界桥大战是烂到令人发指的小孩过家家，捞钱的吃相实在是令人作呕。
大过年的，一星全给屈楚萧。他本人的气质与这部动不动“认主人”的影片达到了完美的吻合。当他对沈月说出“绑着你是为了保护你”的时候，他的sm性癖已经昭然若揭。
"
笙歌欢颜🍃,1,85,['2021-02-12'],好难看
没节操冻柠茶,1,75,['2021-02-12'],如此潦草。。。感觉把一部48集连续剧塞进2个小时电影中，什么都没交代明白，啥都没讲清楚，人物情感转折那叫一个生硬。白瞎了好演员，浪费了好ip，看得我都想卸载游戏！！
轻薄公子,1,72,['2021-02-12'],特效一分，陈坤周迅王丽坤沈月镰鼬等妖怪一分，编剧-1分，这是我唯一觉得公正的东西
湫🐔,1,70,['2021-02-12'],一星给2D，没了，zyj2都比这儿下饭
utism .,1,59,['2021-02-12'],我没想到竟然比郭敬明的还要难看😓
Zooey,1,64,['2021-02-12'],一星给美术
金鱼多喝水,1,58,['2021-02-12'],建议改成博雅传，周迅全程躺着歇菜，剧情各种作，逻辑还能漏洞百出一点吗？请所有骂过晴雅集的出来道歉谢谢。
正义B胜,2,74,['2021-02-12'],也不知道该怪李蔚然太无能，还是张家鲁太懈怠，又或者，纯粹是奇幻这个类型气数已尽？但是，陈坤周迅海仙楼斗法那段还是很好看的啊，说白了，就是现在中国电影人的想象力，也只够撑个十分钟呗。
森林海33,1,59,['2021-02-12'],被晴雅集吊打！
背影,4,354,['2021-02-12'],前几天在家看如懿传，周迅演技太好了，她饰演百旎就是最佳的选择！她的灵气就真的很适合这种奇幻风格的电影，一个眼神就将我带到阴阳师的世界里！姐姐杀我！
