十四號門徒,3,27791,['2021-02-12'],我从来没看过这样子无耻的在电影里插入广告的行为
再喝奶茶就是狗,4,15564,['2021-02-12'],刘昊然很帅，但是护士姐姐被打和36D那里真的让我生理性不适
土方波妞子,3,27353,['2021-02-12'],又想娱乐又想破案，又来一堆莫名其妙的客串，拼出个风格割裂过期榴莲披萨，你把它放进微波炉热，一屋子💩味儿
天马星,3,25712,['2021-02-12'],非常分裂的片子，一面为抛妻弃女的男人作传，自以为男人忏悔很好看，一面想出殴打女护士来搞笑的桥段，骨子里的油腻改不了，以致于所有演员到了陈思诚的电影里，都会变得和他本人一样油腻，金龙鱼快找他代言（金龙鱼看到这条给我打钱~），所以你妈没教你们尊重医护和女性的吗？
亲爱滴么么哒,3,13305,['2021-02-12'],没那味了，后面强行升华，些许厌倦。
逝去的年华,3,10463,['2021-02-12'],开场尬到爆啊，逻辑混乱，推理小儿科啊，结局强行升华啊，总之是一部能看但不推荐的平平无奇的电影。
𡁻鐭盦,1,17132,['2021-02-12'],王宝强的装疯卖傻已经到了恶心的地步
会滑行的饺子,2,22504,['2021-02-12'],全剧136分钟：110分钟的跑路+15分钟的父女故事10分钟的推理+1分钟的广告。
精彩电影好生活,1,12291,['2021-02-12'],如果这部烂片都能拿国内影史第一的话 那中国电影质量还有救么
豇豆胡萝卜,3,7072,['2021-02-13'],一个年轻貌美的妈妈为了一碗面当着自己小孩的面被一个流浪汉糟蹋… 想出这种剧情的人指定是脑子有点问题
白感交集,2,19626,['2021-02-12'],5分钟就能看出来这电影崩了，每个人都比昨晚的春晚演员还要聒噪，特别是唐仁完全就是个发了情的泰迪，恶心至极。
长谷川纪子,1,9344,['2021-02-12'],多次拿女性胸部玩梗就是很不适
Meow_Tuttie,2,15822,['2021-02-12'],低俗谄媚粗制滥造，连起码的诚意都没有，推理全靠奇情轶闻，笑点东拼西凑，初一起了个大早去看电影，刷抖音睡懒觉不香吗。为了长泽雅美，努力多挤了1星，滚蛋吧，还唐探宇宙，不要太膨胀，呕。
七岔犄角,2,12297,['2021-02-12'],无底线的烂梗真的很无聊
Jasper,4,5381,['2021-02-12'],"世界上一切可以称之为艺术的东西都需要天赋。
 "
魔人啾啾,3,5484,['2021-02-12'],无语，这个夹带私货好多，好多地方尬的一身鸡皮疙瘩，就是普通的商业片。
假亦真,3,5221,['2021-02-12'],不能忍强殴女护士！！！
kuma,4,3414,['2021-02-12'],日本群演吊打大陆流量明星…
马耳东风,1,7191,['2021-02-12'],懂了，Q是圣殿骑士团日本分部
TT_Zian,3,3208,['2021-02-12'],整个片子如同看了日本文旅宣传片和泰拳的宣传片，中国元素太少了。无厘头搞笑风格，拉低前两部作品的悬疑推理能力。总之，很失望。
阳光男孩,2,7232,['2021-02-12'],通篇尴尬的植入广告让这部电影里少数的闪光点都变成了照亮茅坑里最恶心那坨屎的一束灯。比第二部更尴尬，莫名其妙的升华更是让人看到了陈导的幼稚。而从这部电影里看的出日本演员的演技整体都是高于片中其他国家的演员，演员们还需要努力呀。但颜值真的是定死了，哪怕同样满脸褶，妻夫木聪也照样比宝强帅几个维度，麻酱真美，MJ真好听
S.T,2,6321,['2021-02-12'],"不及格。
1.太闹，尤其是前半段，甚至于删去都影响不大，有些偏题。
2.除法庭戏外，托尼贾的角色几乎毫无用处。
3.Q与密室案关系不大，结合的很生硬。
4.Q的真相意料之中，无惊喜。
5.林默、思诺、五大灵童几乎是为了出现而出现，杂。
6.法庭戏的自述还可以，这段的结尾有股柯南的味道。
7.结尾不好，我不明白用《Heal the World》的意义在哪。
8.唐探4在英国，不过我不想看了。

这次观影实属偶然，只是因为失眠，早上去打发时间。"
拥桑,2,4228,['2021-02-12'],"陈思诚的才华于此而尽了吧，在霓虹推理大国果然见光死。如果说在泰国是惊艳，美国是普通及格，这部就是不及格。所有的反转都在预期内，丝毫没有恐怖感，惊慌感，低于预期。知道在霓虹国玩不了把戏，干脆不玩把戏了。直接整日本的忍术，相扑。再来个Q是信神论。搞笑有余，推理不足。前半部分的推理氛围铺垫太好，后面一锅大乱炖。Q压根不是谁，而是谁都可以。中田可以玩36D，可以要挑战关卡的环节，到了监狱自诉就犹如传销。法庭翻案变成儿戏，什么我反对…那是日本法律被黑的最惨的一次。不是剧本烂，而是我们期待感太高。或许不是陈思诚才华好，而是他的才华正在被他的名声消耗的越来越差。《唐人街探案3》在讲一个自导自演的故事，所有的谋杀，信念随着日本忍术一消而尽。"
张天杭,1,6501,['2021-02-12'],我吐了，贺岁片就是俗加屎尿屁么？唐探标榜的本格呢？烂，看了就上当。
五更可乐,2,3436,['2021-02-12'],但凡找了个二流国产推理作家也写不出这种案子，还搞得像自己发现了卡尔没有发现的死角。陈思诚一如既往地不会做类型混搭，喜剧和推理完全是脱离的。中方演员全员被长泽雅美结尾一场戏吊打，一直跟在刘昊然和王宝强的妻夫木聪也像被同化了一样，用疯癫的面部表情输出低俗的笑料。当然还是有几处亮点的，但总体真的很让人失望，这个系列跟春节档绑定之后，唐探1的惊艳不可能再被复制了。
书海无涯,1,5970,['2021-02-12'],期望越大，失望也就越大，古人诚不欺我，资本的力量，营销广告无孔不入，可惜事与愿违！
素素素素素丶,1,5825,['2021-02-12'],零分。三部曲下来，陈思诚恶俗和自恋的风光真是越放越大了，整部片无任何审美可言，有的只是一片遍地豪金和各种无语的插入广告画面，好羡慕唐仁身边有个桶啊。
三皮虎,1,4868,['2021-02-12'],当女性在遮蔽的裹尸袋里被一群男性毒打的片段出来引得全场哄堂大笑的时候 我只能感到悲伤 看吧 这就是你们身处其中的男权社会 不知道陈思诚这是刻意安排吗 为什么同样身为男性的王宝强也在裹尸袋里却不安排他成为暴力的受害者？这可是面对可能亿万观众的屏幕在传递的男性暴力…我真的觉得这位油腻导演有必要出来解释一下
Mr. 小新,1,5071,['2021-02-12'],煽情的那部分是认真的？？？好手好脚的妈，为了给女儿一碗面去跟流氓睡，为了给女儿一块蛋糕去偷去抢，被抓了之后病死在监狱？从此女儿决心对抛妻弃女的父亲复仇？？？这是什么狗血剧情。什么年代了，还这么三观不正。
Zian,5,12018,['2021-02-12'],"唐探真的构成了一个唐探宇宙，可以说是中国内陆第一部有宇宙观的电影了。原来的演员一直都在，而且还有了我最喜欢的长泽雅美姐姐
 
故事上来说，完全兼顾所有人，娱乐性很强，但是娱乐后面也有一些深刻的命题，不是非善即恶，很多深刻的命题都以轻松的方式展开，期待唐探四，也感觉到中国的商业电影制作，愈发成熟了！开心！"
Lovegood,1,3450,['2021-02-12'],肆意植入 强行煽情 零散故事 
蒲公英_,2,3202,['2021-02-12'],好几次都尴尬到脚趾头扣穿地心了，等了一年真的不值……
我酷的很厉害,1,3266,['2021-02-12'],莫名其妙，现在春节档这么好糊弄嘛？这就是两年多剪辑出来的电影吗？现在烂片市场行情这么好吗？？真不明白自己为啥花70多看这么一部尴尬的电影。
思路乐,1,3001,['2021-02-12'],【D】在电影院头一次如此想拿刀砍人，陈思诚，你做到了。第三部究竟烂到什么地步了呢？连王宝强的表演风格都被衬托得不再那么恶心了。更烂的是什么？是那份无止境插入广告的心；是那份毫无遮掩的低俗喧闹；是编剧们胡搞瞎搞还故作深沉的态度。以及，我这辈子花的最不值的IMAX票钱。干你马陈思诚，IMAX摄影机是让你这么用的？一开场那个长镜头就几乎让我崩溃，我是没见过有人敢把播放速率调的这么离谱。至于结尾，敢情宁拿IMAX就是为了拍烟花？还整了个世界大同的配乐？也别说什么MV了，至少MV的歌曲与画面好歹是搭调的。真想把陈思诚驱逐出中国电影圈哇
Lilstrawberry,1,3084,['2021-02-12'],"太差了，我第二次在电影院看到一半出来，吐了。没想到2021年，还能看到这种纯物化女性的片子，看到一半所有的梗都是跟男性凝视相关，入中国籍、36D、小白腿、奸杀犯、你这种娘炮不是男人。医院一群大老粗暴打女护士的片段可以当选近几年最恶臭镜头。不仅如此，还要站以中国视角诋毁日本文化，所有日本元素都流于表面，充满偏见和嘲讽。我的天，陈思诚我是真的服了，一两个低俗梗就算了，没想到所有梗全都是低俗向。这种傻逼价值观的片子还在大年初一被全中国人看到，唐探宇宙彻底崩塌。"
Anna,1,2158,['2021-02-12'],这部披着喜剧片外衣的侦探片，实则不伦不类。生硬做作的笑点令人如坐针毡。另外这部号称全程iMax摄影的电影，除了超大的画幅，其他什么都感受不到！
熊吉的菊花,4,1971,['2021-02-12'],笑得停不下来，剧情衔接很舒服，密室什么的也太带感了，拯救小林的片段很精彩，身上绑那么多炸药，染谷将太你牛逼了
whatane,2,2647,['2021-02-12'],好烂😓，情绪全靠配乐渲染，全片最大惊喜竟是华仔（还有妻夫木聪好帅
壹安²,5,3618,['2021-02-12'],长泽雅美哭的我心都碎了！最后彩蛋真的全场尖叫！节奏有松有驰，电影气氛很绝，比第二部的全程高能聪明太多，这应该是第一部中国+外籍演员通力协作，但是毫无违和感的电影了吧，最大惊喜没想到来自王宝强，你真切能感受到他落单时那种失落感，总之，牛逼。
仁者无敌,4,1255,['2021-02-12'],继“曼谷夺金杀人案”“纽约五行连环杀人案”后，““东京离奇谋杀案”也缓缓展开，与前两个故事相比，这个故事更将Q这个人物慢慢引出了，格局更大，背后的组织以及神秘人的身份更清晰，能看出来陈思诚布了一个大局，唐探宇宙即将爆发，希望之后能一部比一部优秀，让这个IP冲出亚洲。
熟瓜太郎,3,2165,['2021-02-12'],这么多名咖，还是一度睡着了。
林娜琏,1,2159,['2021-02-12'],看完全片，深深体会到了“乱七八糟”这四个字的真实含义。不差钱的建议去看，反正比春晚好点。
Nancy1013,5,1761,['2021-02-12'],演员阵容挺厉害，50—10后各个年龄层。莉香好美，妻夫木聪是最大的那个亮点，从人设到角色的完成度绝佳，很有喜剧天赋，超级帅超级可爱！为了他要二刷～
Tom Light,2,2355,['2021-02-12'],"东鹏特饮，招商银行，和平精英……广告植入，七拼八凑，结尾好狗血的剧情。铃木保奈美，三浦友和，浅野忠信，长泽雅美，妻夫木聪，染谷将太，日本Q分舵卡司太棒了。"
江湖骗子,2,1900,['2021-02-12'],记住了两首bgm，别的就算了。现在剧本写成这样都能拍片了？
偏见小姐周婉粥,5,2094,['2021-02-12'],豆瓣网友的审美和要求是不是苛刻得近乎装逼了。电影肯定没有好到可以称为“经典”，但也不至于差到打一分两分的程度吧。难道只有阳春白雪，小众到普罗大众完全看不懂才是真作品真电影？给人民看的电影就只配一分了？？豆瓣网友有时候也要走走群众路线，把文艺作品局限在自己的审美格调里本身就是狭隘。昆曲是戏，京剧是戏，越剧是戏，样板戏也是戏。
Aries鹏飞,5,1064,['2021-02-12'],陈思诚真的很有野心，不仅在这几年不疾不徐的层层铺垫唐探宇宙，自己导演的功底也越发深厚，开场的长镜头调度难度很大，大概4分钟的长镜头，演员极其之多，场景也变化很大，单单是开场的这段长镜头，就绝对值得大家走进电影院了！
啊K,5,1127,['2021-02-12'],等了2年，终于等来了～事实证明等待是值得的，第三部显然比之前两部更注重了推理的过程，昊然弟弟表现不错，有逻辑的同时也有笑点，适合春节的合家欢电影。如果过年假期不知道看什么，看它！二刷！
momo,2,1936,['2021-02-12'],"完全用力过猛 几乎成了一出闹剧 且不说船上非常恶心的互吐桥段 对于司法审判如此戏说是否合适非常值得商榷 "
大朵。,1,2047,['2021-02-12'],给一颗星给昊然弟弟 他值得满分但电影不值得
Luke,1,1525,['2021-02-12'],有钱真好，有钱导演就可以乱加自己喜欢的元素，然后不考虑剧情乱拍。从站在涉谷的十字路口撒钱的那一场戏就可以看出本片本质：推理不用严谨，唬住观众就可以。//最后靠长泽雅美的一场哭戏强行推情绪也是很无语，着实让人尴尬。
最大bug啊,1,1427,['2021-02-12'],连看两场，期望越大失望越大。越拍越烂，第二部还抄袭维持着水准，第三部直接尬出太平洋
西楼尘,4,1040,['2021-02-12'],善与恶总是相互缠绕，不是正反对立。人性是街口沾了荧光粉的纸币，是草莓蛋糕和荞麦面的仇恨，是逃不脱的第十四间密室，是胸前的方巾，是留给私生女财富后的自杀。愚众不书写历史，精英创造了善恶。若看到法律的不公就妄想代替法律，看到人性的弱点就想要革除人性。做神明还是首富，便都是完美的犯罪。
广开妍路,1,1402,['2021-02-12'],单纯的难看，没有喜剧，没有推理，什么都没有，只有尴尬，就像春晚小品一样
哪吒男,2,1709,['2021-02-12'],“来都来了”“大过年的”在我脑中循环462847467462648592次。
苍穹微草,5,754,['2021-02-12'],看四人组勇闯三关营救美女，推理密室杀人案不要太爽哦，唐仁和秦风经历这么多风雨真的让人羡慕这段情谊咧，特别是秦风被抓唐仁四处奔走的时候莫名好哭
_TuzQi,1,1395,['2021-02-12'],期待好久的唐探电影宇宙第三部，大年初一的好心情，被片方技术原因给毁了，电影进行到半小时左右字幕突然消失，成心给人添堵吧。在晚上补了这部电影，说实话真的远低于我个人的期待值。悬疑推理的部分被过于弱化，整个案件，或者说是整个故事其实就是为了引出Q的真实身份而生硬凑出来的。观众从案件本身很难看得出和真相相关联的蛛丝马迹，推理过程照比同类型片，甚至说是两部前作都差了好多，悬疑片先设定结果再编写故事真的有点失败。至于堂而皇之的莫名其妙的广告植入，能赚钱真好啊。
catyren,1,1297,['2021-02-12'],炒作中的本格呢？推理你是认真的吗？
顾小山,3,1342,['2021-02-12'],"本格派的壳子却有点社会派人性剖析，
此后看麻酱脑海中怕是会响起洗脑曲。
颇令人反感是母女写真式的回忆煽情，
硬捧的精致女演员哪里像个落难母亲？
广告植入太硬了友情提示别带爆米花。
抛开以上不太尊重下沉市场智商的地方，
唐探的成功无疑是工业喜剧的胜利。
它是一瓶由野心调制的全民牌万金油。
通过喜剧与推理悬疑的二元碰撞结合，
塑造人物反差与演员夸张的表演形式，
创作顾虑群体太多难免会显得大杂烩，
但无法否认商业上的认可与大众狂欢。
陈作为推理迷在情节创意下了些功夫，
肯用脑子肯投票子故高票房算是正回报。
冯时代之后国产喜剧颇受港九流的传染，
聒噪有余笑料不足都想以小投入赚快钱，
唐探刮起的喜剧工业风潮会加速其灭绝。
但这只是向前迈进的第一步，我们更应，
渴望卓别林式的反映时代的价值喜剧。"
王大根,2,1392,['2021-02-12'],整个一傻有钱片，最能代表本片气质的大概就是中国人在东京街头撒钱的一幕了。妻夫木聪死于陈思诚审美。
木石子,2,1605,['2021-02-12'],全方位地倒退，从第二部开始弱化推理，这部连让人笑的欲望都没有了，最后只好打起了感情牌，当《we are the world》的曲子响起，你会以为昨天的春晚还没结束。
OHLOLA,1,1254,['2021-02-13'],大声问陈导，拍露阴癖，性骚扰，“娘娘腔”的目的是什么
福尔摩撕探探探,1,1105,['2021-02-12'],合家欢式的烂片。真心难看，不如一和二走心。
Circle,2,1561,['2021-02-12'],陈思诚终于无法克制自己的猥琐，把自己的恶趣味在这部里放大到了极致，在剧情中穿插了无数个倒胃口的低级趣味梗。而且为了引出Q的身份，中间居然绕了那么大一个圈子，严重脱离案件，使得电影主线分散成了两条并行的轨道，不停地互相找补。当然归根结底，还是第十四间密室的谜底太无设计感，食之无味，陈思诚除了第一部憋出了小聪明，其余皆是算计。
王梦梦,5,1040,['2021-02-13'],本来没想打五星，因为缺点也很明显，但是没有差到6分吧？反手就是一个五星，因为在全球疫情下，我们可能很长时间不会在电影院里看到这类中西文化交流的电影了吧！
你大爷的丈母娘,2,1411,['2021-02-13'],被九个大汉打的女护士是死是活？
用户7504227480,1,1005,['2021-02-12'],推理和剧情还不如去看两集柯南和金田一
丨,1,1052,['2021-02-12'],第一部和第三部就是酱肘子和臭狗屎的区别
unidolphie,2,1133,['2021-02-12'],案件完全不如前两部&剧，有一半时间都在整没用的，最后煽情煽得我浑身发麻。p.s. 子枫再次给我吓一激灵，可甜可瘆
zidane,2,1098,['2021-02-12'],一部不如一部啊……对不起票价
Mikey,1,1026,['2021-02-12'],这片子尴尬的我想找屎吃。只有长泽雅美支持我坐了两个小时。现在拍电影都他妈把人当傻子吗？
马村大辉女朋友,2,1122,['2021-02-12'],如芒刺背 如鲠在喉 如坐针毡
喜马拉雅嘿,1,959,['2021-02-12'],剧情不太行，2.5到3星之间，但是对女性的不尊重太恶心人了
思无邪,1,923,['2021-02-12'],陈思诚 你有病 连带着阿拉小七装疯卖傻挤眉弄眼 多少沾点油锅里涮了八趟都刷不下来的油光 唯一一颗星给挤出皱纹了也很帅的@妻夫木聪😭
咕噜咕噜噜g,1,927,['2021-02-12'],"期待越大失望越大
唐探三剧本推理弱 植入广告多 笑料低俗 演技不行
圈钱电影 甚至不如网剧"
你有些鱿鱼,1,932,['2021-02-12'],厌女情节真的令人非常不适
钱微火,2,1111,['2021-02-12'],陈导不尊重女性的恶趣味处处可见，令人作呕。后悔给这种电影贡献票房。
默默点评,1,863,['2021-02-12'],建议各位多去看看隔壁韩国拍的好的电影和电视剧，回过头来真的对这种电影提不起任何兴趣
蚂蚁没问题,2,863,['2021-02-12'],作为核心的密室推理整段垮掉，加了一些零七八碎的附赠小推理也挽回不了，再说如果一开始那谁就发现了那啥，就有这个企图，那还专门找秦风他们来干嘛？有病吗？搞笑的部分勉勉强强，也有很尬的地方，且跟之前无限重复，最让我受不了的是没完没了没完没了地搞所谓彩蛋，出来了一万个之前出现的人，都是没意义的，五灵童祸害了剧还不够吗？同理还有那些动不动冒出来的歌曲，《路边野花不要采》有多恶俗就不说了，《草帽歌》出来卖情怀我当场吐血，煽情要基于合理啊老乡！至于Q的真实身份终于揭露，也是最最最low的那一种，你们这是要搞复仇者联盟吗？整体感觉跟这些年凑热闹的柯南剧场版一个逼样，浪费演员。
scofieldd,2,876,['2021-02-12'],全片充斥着陈思诚自以为是的小聪明和优越感，他自以为比世界上99%的人都要聪明，其实他根本什么都不懂
吃鱼的喵,2,865,['2021-02-12'],不性骚扰女性就他吗不会拍电影了吗？？？
同志亦凡人中文站,2,562,['2021-02-13'],破案无逻辑，喜剧缺根筋，感觉这个IP可以结扎了。陈思诚用猥琐劫持了电影，好多地方看得我拳头握紧，也就是仗着大过年的观众不想较真。在这里一定要表扬我家聪聪，真没想过这世界上还有人能驾驭陈思诚的暴发户审美，把花里胡哨的县城风穿得风流倜傥不油腻，两颗星都给你~~~~~~
你的xs女孩,4,718,['2021-02-12'],Q是在致敬1Q84吗哈哈哈，结合反乌托邦题材抵制虚无的完美世界
空白岸,1,881,['2021-02-12'],好家伙，偷完蛋糕直接在人家店门口吃起来了，伤害性不高，侮辱性极强。
明天再说,1,814,['2021-02-12'],一个笑点都get不到，王宝强什么时候可以不要再说蹩脚的普通话了啊
小白凉凉,2,815,['2021-02-12'],真的看不下去，全程太尴尬了，陈思诚是拼凑大师吧，各种关联不大的BGM硬拼在一起。
朝暮雪,2,581,['2021-02-13'],"陈思诚把一个故事拆成两部电影，《唐探2》一开始就提出Q，电影结束了也不揭晓Q是谁，从而吸引你去看《唐探3》。
你等了三年，结果也太让人失望了吧。
Q的身份有一万种可能，陈思诚偏偏选择了最low、最低级的一种。
而且这都第三部了，还有很多悬念没有解答，比如第一部中丹是怎么失踪的，以及秦父是怎么入狱的？
第二部指使宋义的是谁？
网剧中杀害林默父母的人是谁？
第三部反派是怎么知道秦风和秦父的事的？
陈思诚还真把电影当成电视剧来拍了，只管挖坑，不管填坑。

都第三部了，这些悬念还不解答，你想等到第几部再解答？

《唐探2》就是《唐探3》的加长预告片，本以为《唐探3》是正餐了，结果还是加长预告片。
我看《唐探3》是为了之前的作品的问题能够得到解答，结果看完之后非但之前的问题没有得到解答，反而问题更多了。"
Aphrothe,1,788,['2021-02-12'],好久没打过一星了～炒冷饭，情节硬凑，音乐乱，逻辑死，票还贵
时间之葬,4,614,['2021-02-12'],从2020等到2021，Q的身份成了中国观众全民参与的猜想。而这一部里Q的身份谜团的解开，不是终结，而更像是一个全新的开始。核心的这起密室杀人案，既是对推理前辈的致敬，也是超越。感觉陈思诚真正把国产商业片的策划思维和制作规格推到了国际水准，更多的国际明星和更具辨识度的系列元素，注定会是这个系列的未来。
farmerspinach,2,685,['2021-02-12'],尴尬脚趾抠地…两星都给染谷将太摘下帽子的瞬间
偷税米老鼠,1,772,['2021-02-12'],陈思诚，你觉得你很幽默？
藏着不等于遗忘,1,803,['2021-02-12'],空洞 浮夸 低俗 傲慢 这部片将审丑文化最大化 剧情如同拼凑起来 再加上里面对女性的剥削已经引起生理性不适 日本演员你们接这个片是为了什么
看到我请让我好,2,643,['2021-02-12'],坐的我屁股都疼了
雁来月一日,1,848,['2021-02-12'],做梦也没想到，这是大年初一最烂的一部。补充一句，就这种破电影还延迟一年，疯批，延迟也就算了，殴打女护士陈思诚觉得很好笑吗？最无语的是最后煽情部分，鲨了我吧，我人都没了，太难看了！！！！
欢乐分裂,2,496,['2021-02-12'],"一锅乱炖，强行塞入各种元素与广告植入，满目写着金钱味+油腻感，可以与这个系列再见了，如果说第一部还颇有想法的话，随着票房的飘红，“创作”野心也膨胀得远超自身能力，结尾强凹世界升平实在可笑然而却自我感动得以为是升华吗？还是准备开拍超英系列了？以为刻意cue前两季就是什么宇宙了吗？

打着推理旗帜的公费旅游片，目标是将拿来主义+自我（恋）“致敬”混合的“第十四种密室”推广到全世界；太多鸡飞狗跳更显冗长，笑点俗腻。

两星给日本演员。"
自由而无用的SB,1,745,['2021-02-12'],结尾尴尬到批爆，67一张的电影票，毁了我一天的好心情
我的不甜,3,1317,['2021-02-12'],唉，第一部有多惊艳第三部有多失望…
迪士尼在逃野兽,1,749,['2021-02-12'],烂梗太让我无语了…36D，雅茂蝶等等  无故殴打无故女护士，打完就算了还要来个特写重重一击…陈思诚就是个油腻屌丝男啊 自以为很搞笑玩梗实则生理心理不适，一星是给剧组辛苦的工作人员的
wsj,1,661,['2021-02-12'],真的垃圾，唐人街探案真的一部比一部辣鸡，圈钱电影，吐了。可惜了电影票和我的时间。希望大家谨慎购票，害，大年初一，真是浪费了
seemann,2,550,['2021-02-12'],别再出4了，谢谢！
别碰兔尾巴,1,665,['2021-02-12'],唐探3最后的煽情尬得我头皮发麻 全身发麻 受不了了 好久没有这么尬过了 全身的每一个细胞都尬得尖叫 我受不了了我恨不得夺门而出我真的受不了了春晚小品结尾都不带这样的还能更扯淡一点吗 怎么回事我受不了了我现在坐在电影院打这行字坐如针毡我恨不得当场失去五感
柳树不如杨树高,1,583,['2021-02-12'],啊，多等了一年就这 ？
C.,1,579,['2021-02-12'],三部里最烂的一部
油漆未干,1,629,['2021-02-14'],终于知道唐探为啥推一年也非得在春节档上了，换别的档期一定卖不成这样也得不到任何以“大过年的”为名义的宽容。糟蹋演员到这个地步，叹为观止
沉默的螺旋,1,641,['2021-02-13'],"这部电影要是过60亿，在坐的各位都有责任……
这也配影史第一？"
苍穹微草,5,754,['2021-02-12'],看四人组勇闯三关营救美女，推理密室杀人案不要太爽哦，唐仁和秦风经历这么多风雨真的让人羡慕这段情谊咧，特别是秦风被抓唐仁四处奔走的时候莫名好哭
seemann,2,550,['2021-02-12'],别再出4了，谢谢！
胡说八道的糕,2,611,['2021-02-13'],唐探就是五星的资源+四星的演员+三星的剧本主线+二星的推理+一星的导演个人恶臭审美+操之过急的宇宙观（毫无加分甚至扣分） 
德派先生,2,532,['2021-02-12'],"5分
太闹腾了，喜剧和悬疑割裂感太强，单把法庭上帝故事拎出来拍效果都比这个强太多。胃口那么大，除了热闹，啥也没有。
中国人拍的戏，日本演员炸裂的演技，和欧美的曲子，违和感在这一刻迎来了高光。这搞得本就别扭的叙事更加没有让人共情的能力。
但看到最后，已经可以预见下一部唐探的大卖，不得不感慨陈思诚的商业头脑。"
Hemerocallin,1,587,['2021-02-13'],恶俗，已自动拉黑此导演今后的所有影片
王梦梦,5,1040,['2021-02-13'],本来没想打五星，因为缺点也很明显，但是没有差到6分吧？反手就是一个五星，因为在全球疫情下，我们可能很长时间不会在电影院里看到这类中西文化交流的电影了吧！
豆友195034352,2,512,['2021-02-12'],垃圾电影，唐人街的水平就如同变形金刚一样，一部比一部烂。第一部那样的好剧本怕是再也写不出来了，索性往东野圭吾社会派方向靠，靠的又太生硬太尴尬。最后在那里致敬逆转裁判，配吗？各种生硬的广告尬的我眼睛疼，大过年的一百一张票到电影院是看你和平精英的吗？长泽雅美不错，气质演技俱佳，加一分，二星吧。
时间之葬,4,614,['2021-02-12'],从2020等到2021，Q的身份成了中国观众全民参与的猜想。而这一部里Q的身份谜团的解开，不是终结，而更像是一个全新的开始。核心的这起密室杀人案，既是对推理前辈的致敬，也是超越。感觉陈思诚真正把国产商业片的策划思维和制作规格推到了国际水准，更多的国际明星和更具辨识度的系列元素，注定会是这个系列的未来。
我叫秦祥林,1,528,['2021-02-12'],浪费了这么优秀的日本演员，遇到这样的导演对他们来说简直是灾难
闲日游荡,1,484,['2021-02-12'],乱七八糟，还插播广告，毫无底线。也受不了刘昊然的台词、一直重低音语速快
wandisir,2,530,['2021-02-13'],针对女性的梗全部接受无能。暴打无辜路人女护士？？有事吗……直到看完我都在想那个女护士有没有人去救.....小林作案动机和童年经历也是醉了，大姐有手有脚为了一碗面委身流浪汉？？只为了一块草莓蛋糕无脑冲动去偷被判坐牢？？大哥拿玻璃片放人手里不擦指纹警察查不出？？小林有空在那喝红酒没空去处理唐仁随便就找到的犯罪证据？？泰国大哥那条线能再敷衍一点？？算了算了，就当欣赏了两个小时我昊然弟弟俊美无双的脸吧！！！
厌世小姑凉,1,508,['2021-02-12']," 浮夸、生硬、刻意、油腻、做作 、猥琐、下流、烂俗、低劣


一星是给长泽雅美的。"
九只苍蝇撞墙,1,305,['2021-02-14'],很多人都问这系列为什么这么火，要我说是因为它有一股深入骨髓土到掉牙的春晚气质。每年春节中老年人在电视里看的和所谓三四线城镇新世代去电影院看的没有区别。这种玩意儿看的次数再多下去，大家都会变成对着屏幕边傻笑边嗑瓜子儿边滋哇乱叫的大猩猩。
莱莱同学,1,475,['2021-02-12'],是不是期望越大失望就越大，还是觉得第一部最好看，一部不如一部，吐了
watermelonbean,1,519,['2021-02-12'],无聊、恶趣味，猥琐男、油腻男集齐，笑点低俗，一星给MJ那首歌，还好不是我给钱，但是浪费了我两个半小时
LucasPino,2,457,['2021-02-12'],砍掉电影一半不必要的剧情跟一半的配乐可以多打两分
从此爱上电影,2,426,['2021-02-12'],一部不如一部。唐探一真的就是出道即巅峰了。案子不灵，笑点又low又尬，BGM又多又和情节毫无关联。哦对，还有各种杂糅的元素满满的堆积感，全是形式毫无内容。真凶一脸凶手相。华仔这么串戏一定能冲击春节档票房冠军哈哈哈。还有不要再浪费子枫妹妹的演技了。
晚不安,1,371,['2021-02-13'],大年初一日入10亿，抢占60%排片，一个个好看的纪录背后，遮蔽的是全民在一个最火档期被喂屎的现实。骂陈思诚是中国电影的大毒瘤应该没有问题吧？借“漫威宇宙”概念营销自己的东拼西凑的“原创IP”，鼓吹“本格推理”和“全新类型”，其实只是在以恶臭烂梗剥削女性，利用信息差愚弄观众，把诡计最低限度地游戏化，另外片面理解和展示刻板印象中的日本文化形态。《唐探3》唯一的推理应该是：到底给了这些日本熟脸多少钱来参演？黑泽明的箴言犹在耳畔：电影院只放垃圾片（放到现在就叫大数据电影），而今天的观众很容易相信那就是电影。彩蛋出现的刘德华令我震惊，有钱真的可以为所欲为？而佟丽娅已在隔壁《小说家》片头惨死。祝愿中国电影有一个美好的未来！
拉煤不忘哈密瓜,5,927,['2021-02-12'],唐探宇宙已经在前2部中成形，布局完备，徐徐展开的第三部里陈思诚更大胆，将各种元素玩的更溜，到了推理热土东京，极具特色的地域风土人情本身就让人赏心悦目，而潜藏在东京流光溢彩下，整个故事有着比唐探2更大格局的线索情节，日本黑帮的加入为电影增加了更多的喜剧性与戏剧冲突，推理上也结合了独特的日本色彩，这个故事绝就绝在它只发生在日本才会如此合理。
慢慢来GM,2,413,['2021-02-12'],跟前两部差得不止一点点
时天,2,446,['2021-02-13'],和平精英五人组什么鬼东西
sola大阪,1,415,['2021-02-12'],男性凝视太恶心了 最后的煽情和强行升华主题也很恶心 从来没有觉得一部电影那么长 心疼我的长泽雅美要拍烂片 最后所有主角在东京塔强行装逼low爆了
KiKo,1,476,['2021-02-14'],“陈思诚最让我佩服的地方就是他能边恶心人边赚钱，还连续赚了三次。”（引用）
顾然啊,1,495,['2021-02-15'],陈思诚百亿票房在座的各位都有责任。
斯派克,1,446,['2021-02-14'],这样的电影真是精神污染
听萧雨,5,828,['2021-02-13'],"太矫情的豆瓣儿了，泪光闪闪的男女主都对簿公堂了，就可以了吧？让你笑了也可以了吧？没亲眼观看，真容易被你们带了节奏，这样真的好吗影评人们？你们收钱收的不违心么？
整个唐人街宇宙算是连上了，连唐人街神探里的人都连上了，不也是挺好的么（虽然不喜欢昊二那几个小奶狗）？还有华仔也出来了，春节需要这样的电影不是么？还这不好那不好，至于么？黑的挺惨，不至于6.1吧？"
Blue郑小杰,5,871,['2021-02-12'],很多人打低分是因为不如一和二，但我觉得一个系列电影保持了一贯水平的制作才是好看的标准，即便看起来不像一和二那么多推理，期待伦敦唐人街秦风和Q组织的如福尔摩斯莫里亚蒂般的智斗较量。
日光少女大佩妮,1,419,['2021-02-12'],辣鸡大烂片。。我特么大年初一浪费2小时看了个寂寞。
后自愈,2,352,['2021-02-13'],《唐人街探案》系列拍得最好的是邱泽主演的同名网剧的前八集，导演不是陈思诚。王宝强的角色令人生理不适，同样不适的还有“36D”这种恶俗却自以为是的笑话。中国男性创作者们，你们别太阳刚了！
Tiki-🐱,5,797,['2021-02-12'],陈思诚这次超出了我对他的期待，整个故事是真的好笑热闹，观众们看的确实开心，剧情也是国内工业化制作比较高的水准，并没把系列做成换壳作品，完全是有自己的独特元素在里面。剧情就不多剧透了，欢迎大家支持我老婆长泽雅美的作品！
雨人,2,370,['2021-02-12'],我不喜欢，但是票房会大卖，陈思成是个成功的商人
Caldey,5,785,['2021-02-12'],到了第三部，联动之前的前两部作品和网剧，《唐探》宇宙也越来越完整了，填完之前的老坑这部又挖了新坑，精心设计了很多情理之中意料之外的反转情节，各种细节和隐藏线索值得反复推敲，最最最值得一吹的是！终于有部电影，能统一我们全家的笑点，我妈她老人家看完之后高度表扬了我的选片眼光，朋友们快带爹妈去看，不亏。
一棵甜菜,2,369,['2021-02-12'],"张子枫 全片最佳 
但是作为一部名字叫“探案”的电影 
让观众一开始就猜到凶手是谁
是不是不太够意思😅"
Raven,5,768,['2021-02-12'],唐探3选片在东京就已经事半功倍！选角妻夫木聪简直就是买一送一双倍快乐！试问哪个集美没用过妻夫木聪边走边哭表情包？试问哪个集美不想弄哭五个扑水少年里的铃木！同样是邪魅狂狷却可以做到不油不腻的，除金城武之外，怕就只有妻夫小可爱了！
弗洛伊莓,2,351,['2021-02-13'],感觉王宝强比电影院里滋哇乱叫的小孩还招人烦
iain bot,2,341,['2021-02-13'],两颗星给真正在表演的几位日本演员，以后拍续集还是把中国演员去掉吧，除了屎尿屁开黄腔就是面瘫，一群人还不如客串的张子枫。
趣嘟嘟,5,428,['2021-02-12'],1，2的成功，让唐街宇宙世界慢慢搭建。神秘的Q，已经是串联起所有的案件线索和人物。两主线人物依旧，一边贺岁一边打怪升级。张子枫思诺的再次出现，和故事里各路人物，让剧情和叙事更饱满更有看点。而且3完全就是日向狙击！太吃这口了，妻夫木聪、长泽雅美、浅野忠信～～纯舔屏就已经是今年最值得反复刷的贺岁片！
陵师,1,338,['2021-02-12'],"只是椅子看不下去起疙瘩了动不动我都屁股都刺儿慌 真不是我尴尬坐不住"
cccfff,1,350,['2021-02-12'],没有零分可以打
康堤,2,315,['2021-02-12'],一部电影到底是怎么装进去这么多乱七八糟又毫无灵魂的东西的……
阿辽沙,1,325,['2021-02-12'],毫无质感与审美可言；情节生拼硬凑，过渡僵硬，缝合怪式的文本内容，配乐与影像不契合，又臭又多的硬广，推理丝毫不剩，喜剧部分也不堪入目，只剩下莫名其妙的打闹；第一部已经把陈思诚脑子里那点东西拍完了；跪着挣钱的典型，看不见任何诚意，中国的体制内电影工业需要更多对电影怀着热爱与热情的电影工作者。
YellowBig,5,738,['2021-02-12'],唐探宇宙的建立令整个系列环环相扣，能看出很多小彩蛋在电影其中。陈思诚好会编排故事，也很清楚观众喜欢看什么，笑点塞得足够满，谁想能到有生之年能看到刘昊然和王宝强在日本涩谷上演“速度与激情”，只不过是卡丁车对打自行车……
第九代玻璃柜,1,322,['2021-02-12'],懒得骂了，连带着对几个主演印象也变差，陈思诚你真不是个东西
座山喵,4,406,['2021-02-14'],"看不惯有人上纲上线的说唐探低俗。你们看欧美片的时候怎么不说那些白人讨论金发女郎36D的时候低俗了？只会舔国外的骂国内的？双标不要太明显。说殴打护士的也是故意黑吧，完全是剧情需要，她刚好是护士的职业而已。要是换成医院的保安被打还有人生理不适吗？全片那么多人被打，王宝强被相扑选手打了，泰国侦探也被打了，怎么没人生理不适？还有说关心护士姐姐最后怎么样了。。。拜托你先关心下你脑子是不是正常的好吗？喜剧效果看不懂？？王宝强被摔成那样还安然无恙的站起来了，照理剧情不是应该先去ICU住几天在回来？
电影不是没有毛病，但是何必鸡蛋里头挑骨头？本来给唐探三颗星的，无奈黑粉脑残太多。必须加一颗星。"
尘飞扬,1,337,['2021-02-13'],嗯，一部长达136分钟的抖音小视频。
神奇的mm,1,305,['2021-02-12'],还是没躲开续集烂尾的命，喜剧不像喜剧，悬疑又没有那个味道！！
magoo,1,297,['2021-02-12'],强行搞笑，烂梗堆砌，恶心-_-||
Miss鹅,5,722,['2021-02-12'],荧幕中王宝强、刘昊然的“舅侄组合”依旧是满满笑点和回忆感，一个大智若愚，一个结巴帅气但智商超高，这部的独特卖点在于其中参杂了很多日本当地特有的元素，比如日本的澡堂子、相扑、剑道、忍者…等文化特色在片中一一呈现，视觉上好满足，还有就是一直出现但又扑朔迷离的Q的身份，一直从网剧疑惑到电影，但是这种吊人胃口的剧情走向应该也是对唐探系列一直上头的原因之一哈哈，很强。
茉莉黄瓜,1,423,['2021-02-14'],垃圾玩意，怎么没有0星？
迷路的狴犴,1,294,['2021-02-12'],垃圾中的垃圾
怕黑的哥特,1,303,['2021-02-12'],最烂最泥一部，浪费时间
房子塌了,4,342,['2021-02-12'],这卡司阵容！日剧饭狂喜！麻酱、小七这种一线不用说了，惊喜的是还有铃木保奈美和三浦友和这些老戏骨
米仙子,1,289,['2021-02-12'],难看，明年别出来骗钱了，求您了
肖凯悦Sophia,1,406,['2021-02-16'],唐探3对女性也太不友好了。为一碗面跟流浪汉啪啪啪？偷水上摩托，还夹带一个比基尼美女？破案线索来个36D？老实说，我从来没get过唐探系列，陈思诚这人无论是言语表达上还是作品里都是极度自恋，以及恶俗仇女。然而他已经成为了中国第一位百亿票房导演，这世界我是愈发看不懂了。
逃跑艺术家,2,307,['2021-02-12'],まさみちゃん、真的是钱难挣屎难吃，但是老婆酱起码挣到了钱，而我一个普普通通想要在大年初一看到老婆酱的无辜小孩，又是犯了什么错要看两个小时性骚扰厌女屎尿屁电影收获坐骨神经痛。
小小巫,5,653,['2021-02-13'],有时间刷黑粉不如学学陈思诚好好搞创作
得未曾有。,1,383,['2021-02-14'],一个女的除了偷除了抢就没办法生存了？？小女孩看见她妈被强，还能在那里吃蛋糕？！看到这里我真的yue了。什么玩意儿。一星给刘昊然。😡
sli,1,280,['2021-02-12'],"等了一年就看到这个? 元素太过混搭, 主线反而不那么有意思."
艺萧Karen,3,328,['2021-02-13'],和平精英小队那里尴尬的我脚趾扣地 没这几个破玩意辣眼我能给八分
影志,4,173,['2021-02-12'],“善恶并非彼此对立，而是彼此纠缠”
Crush,2,282,['2021-02-14'],为什么要这样塑造女性角色啊，明明可以把苗子复仇的原因和方式写得更有张力，却拘泥于抛妻弃子拘泥于靠肉体上位。苗子她妈也是，怎么可能有女人愿意为了一碗荞麦面委身于流浪汉啊……广告植入看得人也很出戏
Kasschen,1,358,['2021-02-14'],傻逼电影，看完我也是傻逼
冰与火之歌,1,329,['2021-02-13'],尬出天际，竟然还打算出第四季，果然中国人智商税交得少
Enjolras,4,393,['2021-02-13'],"不知道大家为什么对唐探就苛刻一些？论故事性不输小说家，论搞笑不输李焕英，论卡司阵容更是春节档首屈一指，长泽雅美、妻夫木聪、浅野忠信、三浦友和、铃木保奈美，即使是日影也很难凑到这种阵容吧？
陈思诚对影片商业性的拿捏已经形成了一套围绕观众构建又不失自己风格的制作思路。喜剧的形式打底，更契合春节档阖家欢的需求，侦探故事的编排，让故事性足够曲折，夸张的人物设定，让每个角色特点鲜明，再加上两部电影一部网剧的耐心布局，更是让“唐探宇宙”这盘棋越下越大。
个人印象最深的两点，一是文咏珊饰演的母亲，戏份很少，但把那份悲苦表达得很好，另一个必须是刘德华的出场，太惊喜了，下一部会是在伦敦吗？能请到卷福就完美了！"
返始咏叹调,1,262,['2021-02-12'],这种片子能爆票房 那确实是对认真拍电影的人的一种羞辱 
茗柔儿,4,373,['2021-02-13'],这分数认真的吗？一个很合格的春节档喜剧风格的电影啊！缺点不是没有，但是怎么也值7.5以上的分数吧？其中日本演员演的真心非常好。当然我不是说中国演员演的不好，都很不错啊。还是很喜欢王宝强，个人风格真的很突出。
你吃黄连,3,279,['2021-02-14'],这个密室在柯南里被破解都不用10分钟。
小短发,1,301,['2021-02-13'],真不行，再也不想看这种哭笑不得的电影了，特别是好不容易强迫自己要入戏了，强行插入个跑车F4，什么玩意啊。这就算了，船上呕吐戏一笔带过不行吗，居然大特写了将近一分钟，整个电影院的人都感觉不适。最最忍不了的是殴打女护士那段，这能过审？网友们可不愿意了。
汽水。橙,1,267,['2021-02-12'],乱七八糟，什么都有一点，就是没有电影。
Tues.,5,349,['2021-02-12'],昊然弟弟实在是太适合秦风这个角色了！第三部比第二部强了太多，和第一部水准差不多。
豆友184031295,1,264,['2021-02-12'],难看死了，滚
桔子不是唯一的,4,327,['2021-02-13'],"豆瓣是不是太文艺了，

大过年的，看两小时这个，哈哈乐一乐，感情动一动，脑洞开一开，不挺好的吗？"
肉肉开始甩肉,3,277,['2021-02-14'],谁能告诉我那个和平精英是什么鬼...
韩小四,3,281,['2021-02-12'],陈思诚用一大堆的名贵食材，做了一盘西红柿炒鸡蛋。欢迎收看唐人街探案之日囧
我叫凌可可,1,324,['2021-02-15'],剧情乱七八糟，黄色废料满天飞！以后这种烂片别出国取景了！丢人！ps：谁给你刷负分了，难看是真的难看，就算是黑你也是自来黑。
昭和惊弓鸟,2,232,['2021-02-12'],这已经不能叫植入广告了，根本是电影里插播广告，完全影响到人物行为逻辑那种程度，笑闹的部分一如既往地生硬、低级且割裂，推理案件部分又像是陈年故事会杂志里杂糅出来的奇情逸事，最后还极其诡异地串了一段mj金曲呼吁世界和平，各种场景、人物的跳跃有一种拍旅游纪录片的体验。当然，唯一还算误打误撞撞对的，是陈思诚那套大红大绿的审美摆在东京这个城市还意外般契合，甚至包括王宝强那聒噪夸张的表演。
平淡奥赛罗,1,286,['2021-02-13'],我无法形容了，太难看了，我好久没打一星了
满洲里有象,2,276,['2021-02-14'],油腻导演自我陶醉之作
品十七,1,318,['2021-02-13'],强行贺岁、强行推理、强行大场面、强行催泪、强行升华、强行宇宙，只有一星对得起它
CDiii,1,307,['2021-02-15'],陈思诚有事吗？对女性的物化实在令人想吐，从长泽雅美出场被调侃胸部，到水里令人不适的镜头扫视，还有王宝强那个角色说要麻酱改国籍才会考虑她（？？），导演对日本的全部理解都来源于自己对着日本小电影发情的青春回忆吧。刘昊然在该片的演技甚至还比不上参加明星大侦探。真是受够了……呕！
小白,5,647,['2021-02-14'],"大家都好严格啊，我觉得很好看誒…

这种搞笑我不觉得尬，医院停尸房那段真的笑到肚子疼，最后煽情又把我整哭了，可能最近见不得凄美的爱情吧…

野田昊啊我天，花蝴蝶哈哈哈，好帅额！原来我就喜欢这种骚里骚气的😂"
✨,2,249,['2021-02-15'],借用鲁迅的一句话：我只觉得他们吵闹
西帕克,4,300,['2021-02-12'],非常惊喜，国产大片中质量极佳的一部。大量喜剧梗适合阖家观看，推理部分展现也颇有新意。最难得的是，揭秘Q的部分作为悬疑外的另一条线，一步步将秦风的角色引入残酷现实。将电影主题更加升华，变成了更广义的关于人是否有资格审判他人的讨论。结尾可以看出侦探团已完全成型，第四集势在必发了。
车厘子终结狂魔,1,237,['2021-02-12'],垃圾东西，喜欢看这个的都是书币吧，刘昊然好丑啊，看的想吐。
Jayeor,1,250,['2021-02-12'],元素太多驾驭不过来的失败商业之作 。
"I,suizi.",1,268,['2021-02-13'],用一部烂片涮了12亿，陈思成完成了一场完美的犯罪。
Davidc,1,250,['2021-02-12'],寻思陪媳妇看个贺岁的。结果不搞笑，剧情也垃圾。带了孩子看，也不太适合。坠楼的镜头放了两次。太平间的搞笑也不怎么样。哎，不能为了看电影而看电影，被恶心到了。
victor,1,262,['2021-02-13'],负分电影。整部电影充斥着物化女性、低俗玩笑、广告植入、佛棍基督棍思想、刻意煽情、卖弄哲学，毫无剧情可言，喜剧片侦探片它通通不配，电影它都不配，就是哗众取宠，滑天下之大稽！如今此等电影竟能过审，还能在春节档上映，收获如此的票房，为中国电影行业感到悲哀，为被鸩毒颇深的人民悲哀，这就是娱乐至死！
六号位暴伤歌姬,1,269,['2021-02-15'],比第一部差的太远 东鹏特饮和平精英 合着我看得是个综艺？ 单身母亲带女儿就必须出卖自己身体 都是有手有脚四肢健全搁您脑袋子里净是些腌臜破事儿呗？
胖子,2,230,['2021-02-12'],我承认陈思诚确实聪明，商业片的元素他都考虑到了，但你要是觉得他有才华那你肯定是瞎了。
Ou,1,171,['2021-02-12'],唐探宇宙！！！！！！！！！！！！！！的坍缩
江湖骗子,1,271,['2021-02-13'],有些情节很膈应，打女护士那里真的很恶心。希望没有4 三部够了。
孟菠萝 不能说,3,269,['2021-02-13'],"推理没有新意，我杀我自己不能算第14个密室吧，猜都猜到了。说实话，但凡警察法医认真点根本不用侦探出场，线索太明显了：指纹、缺了一块的玻璃屏风、头部伤口、被刺了两次的伤口、车里唐仁一找就找到的凶器。
搞笑的桥段老套，比如停尸房偷尸、闹市撒钱都能看到很多电影的影子。
总是盯着女人的胸，用女性的身体做笑点很下三滥和低俗，很过时了
Q那里也很无语，一群人戴着斗篷围一圈坐，压根没有正经反派的样子，刘德华出来之后更是觉得就是闹剧了
杀人动机那里很老土，故事太老套了，这个故事压根就没有逻辑，吃荞麦面那里滤镜加得像广告一样。
呕吐那里非常恶心。
配乐很敷衍，根本做不到完美融合，像硬加进去的。
总之就是部贺岁一次性片，像塑料袋一样，骗到观众看一遍就算。
日本演员演技都挺好，刘昊然表演层次显然不够，还得再磨练。"
蓝石头,1,222,['2021-02-12'],很难想象，把三浦友浅野忠信妻夫木聪染谷将太长泽雅美铃木保奈美合到一起的第一个人居然是陈思诚。也很难想象，有他们在一起的电影也能是垃圾。陈思诚果然是不出意料的恶俗油腻无聊傻逼。但是！还是要说的是！铃木保奈美和长泽雅美还是美的！！铃木保奈美笑的时候我觉得时间在她身上一点都没有走过，还是那个赤名莉香。这颗星全部给日本演员，他们可能是本片唯一能看的部分。
如是我文,1,200,['2021-02-12'],大过年的出这么高票价，还上这种烂片，晦气。
Pho，z,4,107,['2021-02-14'],能在春节档看到这样能让我开心笑几次的电影挺好的啊，剧情没啥硬伤，到了笑点全场都是笑声，水军是真多
一口吃掉小蛋糕,5,181,['2021-02-12'],唐探3能看得出陈思诚打造唐探宇宙的野心，世界名侦探排行榜的逐步拓展，Q的身份揭晓，都为以后故事能延展埋下了更多的伏笔
刘康康,3,37,['2021-02-13'],作为推理迷，此片伤害性不大，侮辱性极大，希望约翰·狄克森·卡尔和森村诚一的书粉谨慎选择观看本片。密室诡计的水平从第一部的青崎有吾迅速滑向了青山刚昌，略等于柯南某一集，不知道陈思诚哪来的自信说不属于卡尔的密室讲义里的任何类型，我怀疑他和编剧都没认真读过《三口棺材》。最后那个破煽情理由也不知道怎么好意思碰瓷《人证》的草帽歌，我看好几个影评人友邻能把这个煽情上升到日本战后遗孤问题，真的大可不必，拔太高了。作为麻酱的粉丝……算了，不说了，都是泪。喜剧部分倒是有进步，医院电梯那场戏写得还行，但小护士莫名其妙被揍一顿其实设计得不好，最好是之前有点道德瑕疵的人，挨整会更引起大家发笑。
圈圈有快递,1,107,['2021-02-13'],"畸形发展的国产电影，傻大白无头脑的搞笑占据榜首，排片资本说了算，一片独大！这样的电影只能在国内看看、国外根本没市场、不要以为票房那么高就得瑟，实际上把全国人民笑点都拉低了！！为笑而逗！移出贺岁档上映。你看唐三有几个亿？因为没有选择。
中国的电影市场太好了。希望这么好的市场能够孵化出一些世界一流的中国产电影，而不是成就一些庸片、中国还要能出一批世界一线的导演和演员明星，要能够给全球电影市场带节奏。否则，这么好的市场白瞎了。政治制度不同，但各个社会里爱恨情仇的缘由，人们的危机感，很多都触及的是人类共同价值。中国的国产电影，加油啊。"
吴明,1,72,['2021-02-12'],看完这片比看完《2001太空漫游》需要更大的耐心
你看不到我,1,98,['2021-02-14'],人生有几个136分钟我却拿来其中的一个136分钟看了这部爆烂电影 陈思诚你真的不行 只是有几个烂钱肚子里却没有五毛的墨水 请不要强行搞什么唐探宇宙了容不下你的 还蛮想知道给了日本片方多少钱啊来演这种侮辱性极强的电影 不过拿钱办事儿每个日本演员确实都认真完成工作了 演技高光时刻基本都是人家贡献的
电影幕后故事,3,61,['2021-02-13'],长泽雅美那几分钟是真正的演技高光。但是这个系列到第三部感觉完全跑偏了
frozenmoon,3,52,['2021-02-13'],唐探已经是一个可以自我生长的系列了。这一部对于春节档来说肯定及格了。
阿弥陀佛,1,109,['2021-02-14'],一边看电影一边打一星，王宝强的装傻充愣已经到了恶心的地步，充满了对他国文化的恶意揣测，可惜了我长泽雅美女神
保护鸡蛋,2,76,['2021-02-13'],花钱找罪受
漫然吾往矣,5,157,['2021-02-13'],很好看啊，不知道为啥这么多酸货
Spreewald,2,75,['2021-02-12'],中日演员大银幕演技大比武，一星给染谷将太
满城风絮o,2,81,['2021-02-12'],全剧最佳长泽雅美...其他的是我期待太高了吗？？
😕,1,88,['2021-02-13'],能不能…不要再出来恶心人了…是真的很难看啊，我就说一点。一个混到日本警视厅高层，且如此有前途之人，为了一个刘昊然放弃了自己的所有，就很脑瘫…
天下,1,90,['2021-02-13'],胡搞的过期产品。太差了。
Envy Ryu,4,90,['2021-02-13'],对唐探这个IP多喜欢就多想对陈思诚说一句耗子尾汁，希望他这部赚够钱了下一部能真正用点心，要求不高，唐探网剧前八集那个水平就行，少接点植入广告，少塞点资源咖！毕竟电影这个商业艺术再商业它也得达到艺术门槛的最低限。
Grey Matter,1,115,['2021-02-14'],油腻，低俗；刘昊然你提高提高演技吧，演的什么玩意儿
被窝冒险家,5,93,['2021-02-12'],全都是我喜欢的亚洲演员！王宝强刘昊然就不不用说，这俩老搭档都是熟面孔，麻酱长泽雅美、小七妻夫木聪、三浦友和，要颜值有颜值要实力有实力，在一部电影里把亚洲国家的这些演员全部聚齐真的太难得了
提香,2,68,['2021-02-12'],过年也没这么乱
黑白植物,1,97,['2021-02-14'],失望透顶！！！王宝强演的太猥琐了导致我现在对他本人都很反感……全程笑点离不开屎尿屁和下三滥的颜色废料，作为女生真的笑不出来，母亲为了一碗面被流氓欺辱，这就是出轨导演的三观吗？在这膈应谁呢
梦魇马戏团,1,188,['2021-02-13'],刘昊然在电影一开始就提到了「奥卡姆剃刀原则」：若无必要，毋增实体。整部电影，都在违背这个原则。以及陈思诚你有没有想过，如果你想了一个密室案子，它不属于密室讲义的13种，它有没有可能就……就不是密室？
人间惆怅客,5,297,['2021-02-12'],这次的笑点更加密集，四个侦探三国语言battle辩论的那段太好笑了，而且老歌系列又出新曲，路边的野花不要采配上长泽雅美有一种奇怪的笑点，我笑到全场最大声。
误痴夏日,3,200,['2021-02-12'],"如果早知道会出现和平精英五人组，我不会买票的。
这电影前后割裂太严重，远不如第一第二部
咋说呢，白瞎了我染谷将太"
胡益达,2,156,['2021-02-12'],陈导可以去导春晚了，做电影不合适
想变成猫,2,197,['2021-02-13'],没有人性，也没有审判，有的只是哗众取宠，有的只是赤裸裸的圈钱野心。内容全是套路，肤浅得让我觉得Q组织是一群中二少年。其实我就想知道，那个护士小姐姐是不是还活着～
纯情少年李八唧,1,193,['2021-02-12'],花70块钱看这么个玩意……混乱 无序 以及 如果是东出昌大和小日向文世参演的话 就可以无缝衔接《行骗天下》了 达子最后出大招骗了三浦友和3亿日元 再以及 我们真的拍不出漫画感啊！
友邻广播,2,9,['2021-02-14'],破案！？？？？ 大失所望
拾光先生,2,155,['2021-02-12'],这么无聊尴尬的电影也能这么高票房 ，只能说中国的观众 审美太低价了 ！
汤三少2012,1,165,['2021-02-12'],我就知道他营销到第一天十亿票房就是烂
已注销,1,195,['2021-02-14'],把辱女当有趣，太恶心了
纯真博物馆,1,205,['2021-02-14'],电影之烂，烂过臭鸡蛋
心蓝➸,1,154,['2021-02-12'],1算是正儿八经破案加笑料，特别是开放式结尾炸裂，2就记住了肖央，其他尬的不行。。3尼玛能叫电影？就低俗恶心，观众尬的笑不出声，演员自己像过年。。哎。
youth,2,157,['2021-02-12'],陈思诚真是个鸡贼又油腻的中年大叔，他知道拍什么能让观众嗨起来，一股脑的堆砌所有日本的元素，他知道什么人会让人惊呼，彩蛋让Andy客串，让程潇莫名其妙的出镜，如果秦风在那一刻黑化了，这将是他职业生涯最牛逼的情节设计，可惜了，才华这种东西还是要让位于票房，心中有一个理想，那一定是票房大卖吧。仿佛就是一台春晚，每隔几分钟一个大咖就出现，而且出现的毫无意义。
小明同学,1,151,['2021-02-12'],真的烂
sakanagill,1,201,['2021-02-14'],巨猥琐的一部电影 对所有女性角色都是窥淫拍法……足以见得陈思诚其人素养之低下……看完最同情佟丽娅
下一秒治好懒病,3,159,['2021-02-12'],日本演员们拉高了一部电影
Kikiery,3,221,['2021-02-13'],太尴尬了，这么多广告，以及拿女性开玩笑，真的很油腻。还有五大灵童啥的，完全没有出场的必要，强行加入。电影院座无虚席，就这样的质量对得起观众吗。后期强行煽情，世界和平。行吧，就这样吧。多给一星给日本的演员们，演的比中国的演员们好太多了。
罅天暗房,5,194,['2021-02-12'],喜剧感也依旧，电梯间的戏真的包袱满满，整个电影院都笑得很开心。另外对我来说在日本取景也太有代入感了。很多场景都是平时会去的地方。在pachinko里和开卡丁车这个让人很惊喜，可以说是相当深入当地文化了。
_Extra_ONE,3,182,['2021-02-14'],no 真的不行 冲着昊然弟弟和宝强同志的系列组合打及格 小林酱妈妈的故事真的体现了导演深深的直男癌情怀 女人为了给孩子吃饭就是出卖肉体 这种桥段演了一万年了tm不腻吗 笑贫不笑娼 你就是真的去卖 你能不能给估算下自己的价值和生活需求 就为一碗面 吃了这顿就没下顿 导演就觉得女性是这么低智商的存在
普通用户,5,385,['2021-02-15'],本来想打四星，但自己看完之后觉得一星恶评也是离谱，就五星拉一把叭
阿醅外传,1,169,['2021-02-12'],太难看了，狂玩手机，过年电影票还辣么贵，糟蹋日本帅哥美女演员了。
宅叔怕狗,4,198,['2021-02-14'],那些打不及格的人认真的？？ 本来想给6.5分，那么多人尬黑，那我就8分吧
李梦,4,103,['2021-02-13'],"陈思诚真的创造了一个唐探宇宙，好笑又好哭。

好喜欢长泽雅美啊，她那句，你不能对我负责为什么要把我带到这个世界来？

快哭晕在厕所里了。"
Jpotato0o,2,156,['2021-02-12'],浪费了这么好的故事背景 拍了个不清不楚的密室 最后强行秀了个脸 真当自己建国大业
面,2,137,['2021-02-12'],莫名其妙这四个字用来形容这部电影真的最好不过了
不文艺的青年,1,163,['2021-02-12'],太烂了，不会有下次了，坑钱玩意！
沐浴阳光,1,178,['2021-02-13'],不尊重女性
👑,1,175,['2021-02-13'],就这居然还有下一部？恰烂钱也不是这么恰的吧
蒲苇散人,1,168,['2021-02-15'],诸如此类的电影能大行其道，背后折射的是大部分观众审美的低下，当以后的银幕上全是这种风格的片子，我宁愿再也不踏入电影院
想恰酒酿圆子,5,213,['2021-02-12'],比1和2都要好看。情节紧凑一环接一环，长泽雅美三浦友和我吹爆！！最后的彩蛋我鸡皮疙瘩都起来了………说好不剧透就是不能剧透，唐探4啥时候安排！！！
韦斯安徒生,5,371,['2021-02-12'],"唐探这盘棋，大的已经有些吓人了！
这一部无论是案件、场面还是格局，都远胜于第二部。
以悬疑推理引入，用动作冒险散展开，加喜剧元素娱乐，唐探这套模式在这一部中彻底成型，这也是唐探达到这种体量后的一种必然。
《唐探3》证明了，这个系列是能撑起如此大野心的，真的可以向外扩展出一个广阔的电影世界，甚至能真的打造出一个属于中国电影的自研“宇宙”。
总而言之，但凡看了《唐探3》，你就很难不期待《唐探4》会讲述怎样一个故事，又有哪些角色会加入其中，由谁扮演。"
剑者心之刃也,1,139,['2021-02-12'],"对不住票钱。
真真的一部不如一部。
真是一坨屎也敢上春节档圈钱。"
xxxxin1,5,349,['2021-02-13'],客观摸良心 7分是有的 推理部分的确有点弱 但是日本几个演员确实演技厉害 停尸间桥段的节奏和梗都很不错 我就是有点奇怪 有几段剧情节奏和风格完全不同 是不是换了副导执拍的 总的来说谈不上惊喜 也谈不上失望 但是为了对抗无脑黑 我无脑地在这里给满分
水鱼宝宝,2,158,['2021-02-15'],警察连瓶子的指纹都不查，尸检也查不到后脑勺的伤。扣车警察也不查车上的物品。开头就能猜到凶手是谁。明明警察就能办的简单案子，非搞的全员智障。。。。。
孤狼,2,161,['2021-02-12'],除了Q是谁毫无看点，最重要这部陈思诚真的拍的很厌女 反派 花瓶 花痴 无能力不能控场，除了第二部kiko在这里当了工具人，所有女性角色都很让我不适！
低首尘埃,1,200,['2021-02-16'],本人舍身试片，向豆瓣的482位关注者发送一星信号，不要给陈思诚送一分钱。
Jeannels,4,153,['2021-02-12'],"虽然延了一年，《唐人街探案3》很耐心也很有信心，它的确适合春节档，能释放最大威力，拥抱尽可能多的观众。

系列电影享受前作累积果实，也承受续集期待值压力。这部用了三个大招解决问题。一个是换地儿，去东京，冒险式旅游，提供新鲜感。再一个是加量，阵容升级，重量级演员不少，在全亚洲的咖位都不低，角色也不是充量客串，都有承担重要功能，比如长泽雅美不仅仅负责美，她更重要的是担任一个情感着落点、谜底驱动力。

最后一个是格局扩展，搞好喜剧和推理本分的同时，侦探宇宙亮相，还整出更大的善恶对决。个例案件基于具体人物的复杂人性，一系列案件则可描出宏观特点了。什么是完美犯罪？存在吗？秦风（刘昊然）对完美犯罪的看法变了？案件终可解开，人性却是无序的？唐探宇宙的架子搭起来了，后面的续集或衍生片一定会继续探讨。"
大菠萝,2,144,['2021-02-12'],"刘德华的恭喜你发财2分
长泽雅美等日本演员2分"
㈠棵,1,188,['2021-02-14'],真的短评不够骂 我都想写千字长评骂 剧情有多脑瘫我就不说了 就单说陈思诚从视觉语言里溢出来的对于女性的油腻和轻佻 真的根本不能再更可恶 2021年了 还能用这么低级的趣味讨好男性观众 影院里每一次因此爆发的笑声都让我感到一阵恶寒 每一个青少年被这样的影视作品引导三观都让我感到绝望 每一种艺术都需要天赋我觉得他没有 他甚至不沾边 上一部抄双瞳我没敢骂 这一部之后他再拍一部电影都该死
我们都是工具人,1,154,['2021-02-12'],逻辑混乱，搞笑桥段少，广告插入严重，和前两部相比差了太多了陈思诚也已经江郎才尽了。
Bei,1,160,['2021-02-12'],难看到我不相信这是唐探！！！
秋库布里克,5,166,['2021-02-12'],真的没想到有一天我会对陈思诚也说出“真香”。保留了唐探“热闹欢乐”优点的同时，恶俗的笑料被减少了，同时故事格局和强度都却都做得更极致，黑帮，宗教，高科技等元素一顿添加却并不违和，角色们分路执行任务的段落竟看出了特工谍战片的感觉。而关于“完美犯罪”的讨论和长泽雅美这个角色的情节，也让唐探呈现出了与此前不一样的东西。可以看出，陈思诚想做的不再只是个单纯能让人开心，过目即忘的娱乐产物。他有了更大的野心与追求，而他居然真的一步步做到了。
蓝、柒,1,165,['2021-02-12'],随便搞个案子就结束了？Q居然变成一个组织了？还想拍续集圈钱？
毛豌豆,1,178,['2021-02-14'],处处充斥着直男油腻笑点不说，密室自杀？？这内核和《少年包青天》第一部狸猫换太子章节太像了吧，还没人家背后的故事感人，宫女秀珠为报恩，自杀嫁祸八贤王，八贤王也是晕过去了哈。最后我记得富大龙演的六子一步一步跪向自己在冷宫里疯了的母后，我哭的死去活来，但是小林酱痛诉母亲偷草莓蛋糕被关进监狱？？妈的，要我是她妈，既然注定要进监狱，还不如给女儿偷点有用的，比如小霸王学习机
海小绵,5,333,['2021-02-14'],"看到恶意评论真的气死，喜剧+破案就不可以？虽然比不上李狗嗨，但是中国电影市场有这样一个开创，也算迈出第一步了
故事讲得是有点破碎但整体是合理流畅的，配乐、选角还有特效都很不错，融合日本文化元素也做得很出彩
很适合春节档看，有欢笑也有思考，有平凡的温暖也有人性的阴暗，我也不觉得其中阐述的理念中二，反派没有核心思想还怎么当反派？
长泽雅美果然也适合演精英/反派！！妻夫木聪说日语有点苏……三浦友和大叔演技真的稳，铃木保奈美变成老阿姨之后似乎放飞自我了hhh
给麻酱加一颗星，再给配乐（MJ）加半颗。"
叶森斯坦森,3,171,['2021-02-13'],油腻，厌女，bug很多，所有被称为艺术的东西都需要天赋，说一句陈思诚江郎才尽不过分吧？插广告插的也太尼玛无耻了，我来看推理加喜剧，你给我看超级英雄？多一分加给长泽雅美和妻夫木聪
Akiraaaaa_,3,158,['2021-02-15'],张子枫，请你适可而止，别老用一个表情吓人！
文化民工张某,2,153,['2021-02-12'],2.5开场给我尬死 演员很多硬搞笑  真的让人精神崩溃  很多东西强词夺理  最优秀的是张子枫的那一下 
嗨seven,3,175,['2021-02-13'],5.0，希望陈导明白三件事：聒噪不等于好笑；对女性的故事可以不那么套路；推理部分有点江郎才尽了。
Black Angel,2,161,['2021-02-12'],除了昊然弟弟以外都不太喜欢，希望刘德华不要来拍后面的唐探呀，别毁男神……陈思成的三观真的是神秘，女护士挨打那里真看不下去，有必要吗，强行搞笑又不好笑。案子的关键竟然是一个男的为了给女儿治病不得已抛妻弃女之后就真的完全不管妻女了，还要装色狼来确认女儿身份，太胡扯了。至于野心勃勃要构建的唐探宇宙，感觉也就是一个不断狗尾续貂的噱头
飞跃疯人院,2,143,['2021-02-12'],不伦不类，到底是不是悬疑推理类电影？强行用一个悲情故事把简单的案件复杂化，低俗的喜剧元素更是占据了一般的篇幅还让人觉得很尬，结尾更是强行升华，再是Q也找不到什么合理解释了只能强行安插...
小糖豆子,2,153,['2021-02-13'],刚刚看完，油腻，恶俗烂梗，跑酷电影？不值票价，明天安排李焕英
乔小囧,2,127,['2021-02-13'],这不是本格推理，这是《极限挑战》。
leisailing,2,159,['2021-02-12'],如果说这是部喜剧，那么还算合格，停尸间那段可以称得上爆笑了，赢了所有春晚语言类小品；如果这是部推理剧，只能负分滚粗，弱智密室所有观众都已经破解了，还不得不看主角在那做作的装逼；铺垫了几年的Q是谁，揭晓时脑海里只剩下，就这？
窦拟纨逗你玩,2,141,['2021-02-14'],"1  关注点怎么突然就能跳跃到东北呢？
2  主角团是如何发现父女二人之间关系的？
3  日本警察不检查作为证物的车辆内部吗？
4   作为死亡见证人的小林酱是怎么做到不被嫌疑的？"
Vivi,4,208,['2021-02-16'],我看完啦，没有网上说的那么差吧，感觉还行，音效画面都很爽，秦风推人下去那一幕甚至可以被称为艺术。可能因为我只花了40并没有觉得不值。电影里面确实有不少低俗笑话，不过复联那种电影不也很多吗，我就觉得国人过于苛责中国电影，崇洋媚外，我特希望中国ip走向世界，希望中国人的脊梁能慢慢立起来吧。
如小果,4,158,['2021-02-13'],看完第二部的时候，那时候豆瓣评分（7以上我记得）我觉得豆瓣瞎了。结果看完这部我再看豆瓣评分，觉得豆瓣又瞎了。
柚子君,1,126,['2021-02-12'],大清早和老公一起去看的，春节的票价可真贵，两张花了200多！总结没第一部好看！看完很失望！
姨妈的鸭,2,88,['2021-02-14'],东京撒币行为。
小童靴,1,176,['2021-02-13'],"拍出这种片子，陈思成是当观众是傻子，还是自己是傻子？
全程没有逻辑性，强插入广告，尬的要命。
为了走剧情而走剧情。"
务实,1,152,['2021-02-16'],垃圾中的垃圾，侮辱人的智商，浪费人的时间，破坏人的心情，辜负了人的期待，欺骗了人的感情，破坏了电影的观感
吼哦哈,3,154,['2021-02-15'],那五大灵童是什么鬼？？？超级尴尬
阿德,4,96,['2021-02-12'],客观讲，最适合贺岁档的几部之一，过年就是图个热闹和惊喜，无奈预期过高带来的落差也大，尤其第一波观众，期待口碑回升。
亦宁NxN,3,130,['2021-02-13'],1.和平精英广告非常败兴，仿佛一块强行粘上的狗皮膏药。2.世界观构筑得太着急，后期好几次感觉要结束了结果都没有。3.秦风野田昊基情戏可以玩一玩，挺有内味的。
连翘,2,144,['2021-02-12'],披着推理外衣的爆米花电影，推理侮辱观众智商，爆米花部分大乱炖，主要演员演技都没有问题，责任就在导演编剧，贪心不足蛇吞象，下一部不会买账了。
夜游,2,134,['2021-02-15'],有些侮辱他国人以及侮辱女性的桥段真的挺让人受不了的，还有互相呕吐的戏让人生理不适。最后的推理大bug，如果带了佩刀请问用什么补刀？结尾还要强行升华..影片处处透露着导演low到极限的审美和自以为是，真的普通自信的极致表现了。两位日本演员长泽雅美和染谷将太用演技撑起了整个片子，每人一颗星。
Freud,2,145,['2021-02-13'],钱真好赚啊
每天都想吃面包,2,130,['2021-02-12'],谜一般的大杂烩。滥用老歌真的挺烦的。
唉唉唉德华,5,298,['2021-02-13'],我是个俗人，我就觉得陈思诚是华语商业片的天才，多种类型元素之驾驭都显得游刃有余，除了秦风的服装永远都那么土以外。他是一个很懂中国观众的导演，他知道如何在春节期间用一种低姿态的土味方式来宣讲他的一套“刺客信条”。《唐人街探案3》最被忽视的解读点在于其戏里戏外所构成的地缘政治意义，这一部冒险与探案并行，抗战遗留情绪以一场父女审判悄悄消解，最终获得结果是东亚与东南亚区域的合力并进，中日泰共见烟花升起。上一部纽约只是过客也是过去的起点，而下一部直指西方近现代文明起源地英国，并套用了玩家们最为熟悉的“圣殿骑士”框架，构建了一种东西方在文化本源上的交流或者说是对抗。这是我对这个系列后续最大的期待缘由。
旧.,5,247,['2021-02-12'],《唐人街探案3》还是熟悉的味道，笑点质量还可以，悬疑的设置也没什么问题，虽说行凶者和中间的几个谜题早早就被我猜到了结果，但剧情的展开并不会因此而变得无趣。另外炫技的长镜头真的很挑战导演的调度能力，最后也能看出导演要全力打造唐探宇宙的野心。
Michael,1,153,['2021-02-12'],无聊，尴尬到看不下去了，提前退场。
princessagatha,2,166,['2021-02-13'],一出闹剧，强行打广告太tm恶心～～那群日本演员确实挺有信念感，这么乱七八糟的剧情也能演出点水花来；而男主就彻底是个工具人，毫无人物特性就算了，连演技也比之前差；唐仁一如既往的吵闹和猥琐，观感极其不适，68块相当不值得～～～p.s.作为女性观众，对于妈妈为了孩子出卖身体的桥段相当反感和恶心，在男的看来女性就只有这一个办法养活孩子了是么？经小组讨论提醒，这片子里还有我看过最生硬离谱的广告植入，陈思诚真的，别再出来恶心人了
Bun,1,139,['2021-02-14'],低劣的搞笑手法（用侮辱路人的手法让观众哄堂大笑，简直荒唐）；无厘头的推理（侦探超能力，简直科幻）；创作团队的集体失声（殴打女护士的情节，参与的每一位演员、编剧、导演、摄像，简直“功不可没”）；向今年贺岁档其他影片致歉（大众文化就是用脚投票，让这样的影片获得票房冠军，简直作孽）。
Lottie,2,86,['2021-02-13'],真的烂，陈思诚能把这么一群好演员聚在一起就拍出了这么个烂片，还捂了这么久才上院线，可真有水平。
fifihoho,1,166,['2021-02-14'],莫名其妙，推理几乎为零，建议不要再拍了
ylujiuy,1,148,['2021-02-13'],我这辈子就没见过这么弱智的密室
PENGUIN,5,269,['2021-02-12'],比昨天春晚小品好笑多了哈哈哈哈，停尸房那段儿真的好好笑。这部喜剧成分大于推理成分。看到各种东京街头大场面就感觉在烧钱，尤其是撒钱那段儿可太爽了吧。平行时空的2020的我，肯定看完这部电影马上订机票飞东京，去涩谷街头数人哈哈哈。IMAX舒服了😌。唐探宇宙的野心不小啊。如果没有结尾的MV会更好。
大聪看电影,3,69,['2021-02-13'],。
🍑,1,142,['2021-02-12'],唐探真的难看，强行穿插广告，广告真的硬到我差点中途离场。
顗礼,1,92,['2021-02-12'],片中的女性角色始终处在被营救、被工具化+边缘化和被羞辱殴打的一面，低俗段子甚至多次成为了案件主线的一环，这种级别的厌女是没有任何洗地空间的（KIKO的戏份连打酱油都算不上，别跟我说这是为下一部做铺垫，片中有大把的时间可以塑造她）/ 全方位割裂，中方演员与日方演员割裂、推理（估计带脑子看的观众都能提前猜到真凶）与喜剧（恶俗断子+植入广告）割裂，整个后半段从调度到剪辑到人物登场乱成一锅粥（完全不节制的歌曲运用更是让人作呕），最后用MJ的歌强行升华主题也不知道是在干嘛，总之，这的确是一个可以被开发的很有趣的项目，但陈思诚的导演能力（和品行）显然不足以驾驭它。至于Q，完全就是主创在耍流氓
玩具船长,3,120,['2021-02-12'],披着推理外衣的合家欢喜剧片。最后的强行煽情让人似曾相识，名侦探柯南都是这么结尾的。
南宫云,2,123,['2021-02-12'],年年退步。人物的动机太弱了，简直就是为给侦探破案而行动。刻意又勉强，真的不太行。
王俊俊,2,106,['2021-02-12'],把基本案情密室介绍完之后，直接快进到结局，丝毫不影响这个故事。也就是说只有40分钟左右的时间是关于案子，还有80分钟都在搞春晚。一屋子所谓世界名探，专门坐船去泰国再回来，只是为了让思诺推一把，顿悟刑侦界基础知识西格案实验，其实就是为了装个逼。其实第一部电影就有这样装逼的剧情，但是第一部案子还不错，那时候我就开始忧虑后面会变成案子质量下降，只剩装逼，那时候还有粉丝和我吵，现在果不其然。电影唯一亮眼的细节是长泽雅美胳膊上的卡介疤是中国不规则的，而不是日本规则9针的，这个细节不是很多有人知道，用心了。
青草、,3,132,['2021-02-12'],我觉得唐探三最大的毛病就是野心太大，陈思诚为了把所有人物都塞进来，弄得剧情生硬结构松散，对于没看过网剧的观众来说，那几个角色的出场都是满脸问号。整个案件和推理本身却没有吸引人的地方，甚至到最后变成了一个狗血煽情故事。喜剧的部分靠王宝强撑了半边天，却也大不如前面两作。
V丶Smile,3,121,['2021-02-14'],不能说特别的烂，只能说烂的特别。这感觉就像是你来到火锅店，锅里漂着日本的三文鱼和泰国的臭榴莲。这时候店员把东鹏特饮倒在锅里说：“亲亲，使用招行卡支付有特别优惠哟。”这时的你已经不能发觉日本的火锅店有多违和，只能暗暗赞叹两点钟方向的那个妹妹是真他妈的好看。
No one see me,2,131,['2021-02-12'],像是一部由片段和广告拼凑而成的电影，剧情设计浅薄俗套，请把我的票钱退给我！
Happy,2,124,['2021-02-12'],等了两年，真的很失望。悬疑推理几乎没有存在感，烂梗倒是一堆。刘昊然的帅脸也拯救不了…
游牧人·芳汀,1,72,['2021-02-12'],#电影院# 群星荟萃大杂脍。搞笑程度不如第二部，推理部分不如第一部和网剧版前四集，广告植入和强塞进去的人物太多!日语含量过高应该会影响票房。现在更期待林默的单人剧场版。能满足自己在中国的大银幕上看见长泽雅美和三浦友和、铃木保奈美的心愿就够啦，其它也不想要求太多。已经完全不期待第四部了陈狗吃相太难看严重损耗王宝强💩
栗,1,70,['2021-02-14'],暴发户暴殄天物电影，浅野忠信不酷了，染谷将太也不佛了，妻夫木聪的扮相一如陈思诚元素堆砌、花哨自恋的审美，买来大堆明星，集体丢锅里油炸。“发财了发财了我都不知道怎么去花！我左手一个诺基亚我右手一个摩托罗拉！”
Patrick-_-Z,1,144,['2021-02-16'],不谈故事本身，导演对待邻国（日本、泰国、东南亚）文化的态度是极其不尊重的，“东京热”、“街头露阴癖”、“失了智的cosplay爱好者”、“女装假扮佛教徒”，甚至以一段狗屁不通的“所谓祷告”给基督信仰冠以“神秘主义”的色彩，十足地“大国文化自信”。价值观里更充斥着拜金（涉谷街头大撒币），轻视女性（无论是女性为金钱委身于黑帮头目，还是女性被抛弃后靠卖春养活子女，导演根本不屑于给出合情理的动机，纯粹塑造成纸片人、工具人）。更不用提脑子里对女性审美只有“36D”的男性主角，女性在此片的地位不过是吸引男性的皮囊和器官，如今还在以此试图博乐观众，是认为国人男性大脑都是“精液浸泡”，可以随意玩弄的躯壳，也实在是对国男的不屑和侮辱。
德卡的羊,1,75,['2021-02-13'],20/100，绝对的作者电影哇，跟陈思诚本人一样油腻恶心，不断讲着自以为幽默的笑话，贩卖自我感动，并非真的关注他人苦难，甚至不尊重任何的个体与文化。请一大帮日本知名演员排演冗长的闯关闹剧以显摆雄厚财力，再以堪称下流的植入广告敛财，用IMAX摄影机拍摄MV来粉饰太平，这些可都比片中（他自称的本格）推理都更符合他的行事逻辑。
哎呀哎呀lulu G,1,135,['2021-02-12'],大杂烩，陈导的功力或许也就到闹剧这了
郭小鸟👿,4,172,['2021-02-15'],其实并没有想象中的差！两条线，明线是密室杀人案，暗线是女儿复仇抛妻弃子的父亲。每个人物的表演都很饱满在线，看的很多人吐槽王宝强的表演浮夸，唐仁人设就是夸张，所以非要内敛演技才是演技么？符合人物才是王道。除了两条线，电影里还出现了东北绥化，其实背景是日本和中国的那段历史，包括最后四人仰望烟花，bgm响起世界和平的歌曲，其立意早就凌驾之上了。
touchdown233,1,140,['2021-02-12'],内核太单薄 人物跟木偶一样没灵魂 就一套路商业片 也不好笑。还我电影票钱啊呸！我们国产悬疑怎么沦落至此还这么高票房啊嘞？
▪️▫️,1,139,['2021-02-13'],什么玩意儿？ 恶臭男的低俗剧情
fleabag,1,146,['2021-02-13'],希望不要去有人再去看这种烂片了 陈思成恶心至极 自以为耍耍小聪明还能圈到钱  居然还要出四 这已经不是一个观众会被你欺骗的时代了 其他不说了 就希望他赶紧滚 电影票房拉垮 最差劲的就是大家一边骂一边看
胡小仙,5,258,['2021-02-13'],就挺好的啊奇怪了
柯里昂,2,90,['2021-02-12'],弄一堆多余无关的戏份，笑点却如此低级，推理又如此无聊，最后潦草收尾不说还要强行大爱，把一手栽培的“唐探”招牌砸掉的同时估计创作者此刻还在洋洋自得。
yuki,2,139,['2021-02-13'],妈妈对唐探三的评价：煎熬。这片看得我如坐针毡，剧情东扯西拉，仿佛一场东京景点串烧MV，才过半个小时我就开始刷微信了，然而竟然还有一个半小时…唐探二基本抄袭《双瞳》，所以没有抄袭素材陈思诚连个顺畅故事都编不出来吗？虽然剧情很烂，染谷将太还是出色极了，以及，风骚的妻夫木聪帅哭我。长泽雅美三浦友和铃木保奈美浅野忠信，这卡司真是浪费得令人发指。
希望是罗波,1,118,['2021-02-12'],看这种片子真的是浪费时间
 么么真人,2,96,['2021-02-12'],尿点和尬点齐飞 一部连昊然弟弟的颜值都无法拯救的电影 期望多大失望多大 剧情很多地方都是硬伤
翻滚吧！蛋堡,2,84,['2021-02-12'],妻夫木聪都被带得这么油真不能忍
宇宙漫游指南,4,204,['2021-02-12'],导好一部类型片没那么容易。唐探3又丰富了唐探系列的故事。别看都是大杂烩，都是套路，能把这些全部一锅炒了为一个主题一个故事线服务，还能承上启下，真的不简单。看好唐探能成为一个常青的系列。
ZZZZZZ_,2,125,['2021-02-14'],看不惯演员的拿腔拿调，还有王宝强演的那位令人厌恶的猥琐男。把下流、不尊重女性的话语当做笑料，而他周围竟无一人向他指出他的言行有多么使人不适，不愧是等国的春节贺岁片。
空投武器,1,136,['2021-02-12'],有些笑点大可不必。
jd2007,1,111,['2021-02-12'],越来越差
lindsey,3,120,['2021-02-12'],很失望。主线渡边胜杀人案真相，推理部分太弱了，拜托，你们可是在日本诶，本格推理不应该仅此而已。支线的q，说实话，设定很无趣，像是之前写了个很神秘的人物但是圆不了了就搞了个多人组合，中二甚至有点邪教感，在电影里给人感觉很出戏，而且染谷将太那段太太太长了，虽然是为了引出q的真实身份，但感觉基本游离在电影外，就剩q和发现长泽雅美身份这一条线连着。几段客串也有点出戏。这部喜剧部分明显超过推理部分，可能发生在英国的第四部，也不知道会不会去看了
听风,1,136,['2021-02-13'],整部片子不知道在讲什么，推理没有推理，喜剧没有喜剧，一开始我就猜到自杀，最后法庭辩论逻辑混乱，强行开父女线，毫无铺垫。开头莫名其妙，乱七八糟，结局更搞笑，来个heal the world ，大哥，没有这么夸张吧。最恶心人的是贯穿全片的广告，你把产品放在那就算了，竟然还专门为广告拍一段，他妈的你以为我们在看爱奇艺免费视频？我们是买了票的，这个简直是对电影艺术的侮辱。
已,1,109,['2021-02-12'],难看！加恶俗 剧情稀烂 莫名其妙的地方很多 ，最后强行煽情，电影票还要70，顶多电视点播水准
啦啦啦,1,114,['2021-02-12'],烂片一部
Tlidu7,5,617,['2021-02-13'],看完唐3会忍不住想带着家人再二刷的电影，喜剧+探案+华人文化与各国文化相结合的相得益彰，故事很紧凑，线索也很清晰，热热闹闹的气氛和节奏也很适合春节合家欢。整个过程中时不时给一些提示，托尼贾的加入也为整部电影添加新的搞笑元素，插曲的应用也挺好的。最后案子的结局也在情理之中，还有Q的情节设置很巧妙给人眼前一亮，具体的不剧透，但是唐3很巧妙地把之前的坑都一一填满还埋下新的线索，期待后续。演员阵容也非常强大，很多国际知名演员加入让电影添色不少，话说吓到不少人的思诺笑也可以期待下，唐3是一部特有“熟悉感”的电影，有着极具吸引力的故事，令人眼前一亮的题材风格，以反转带来前所未有的观影体验，一边紧张的冒汗，一边又笑的腹痛。
J_S_Li,2,105,['2021-02-12'],开局就猜到结局也就罢了，刻板印象也就罢了，为什么最后煽情趴那么长？！关于广告植入我其实可以get到泰国侦探喝东鹏的笑点，但最后那个和平精英几人组一出场，这电影在我心里真的刷刷掉星，腾讯差不多得了吧。
星童,1,119,['2021-02-12'],尴尬的我用脚指头扣出了一套三室一厅
MADAO,3,110,['2021-02-12'],追赶戏太多，中间吵地我快睡着了，植入广告比我的鸡儿还硬，另外日本阵容过于奢华，妻夫木聪+染谷将太+长泽雅美+浅野忠信+三浦友和让我觉得这是日本电影请唐探剧组客串
恋爱,2,111,['2021-02-12'],搞笑➕恶心
葛朗台,2,134,['2021-02-15'],搞笑是下流的，推理是没有的，麦麸是别扭的，煽情是强行的，而且不是3d片，实在没必要去电影院找罪受，建议有情怀的唐粉们下映了躺家里看看得了。花上70+，现在就是非常后悔😓
啊O,5,148,['2021-02-12'],NB！惊喜！过年看的就是开心，也看出了中日两方演员的差距。请继续！
6,1,124,['2021-02-12'],能打半星吗
狗哇,1,103,['2021-02-12'],综艺大杂烩
金盆囍手,3,110,['2021-02-14'],像是我期末考试周努力写大写完整东拼西凑的论文，结果老师看来只有搞笑和空
听雨轩,4,128,['2021-02-12'],其他都挺好，马伯骞那帮人扣一分。。。。
穿山,2,81,['2021-02-12'],春晚审美的大卖场电影。所谓推理和喜剧的混搭，实则想塞的线索（明星）太多，非常蹩脚地缝合在一起，不断在插科打诨、猥琐趣味和（伪）正经本格间横跳，节奏毫无章法（还那么长！），挑战观众注意力，甚至模糊、伤害到真正的叙事核心…开场打斗就皱眉了，演到80分钟时开始看表，疑惑他们到底想干吗？后面50分钟剧情终于开始加速，但又东一下西一下的，乱七八糟地塞角色/植入广告好tm辣脑子，而且呕吐梗有那么搞笑吗？看得我贼膈应。结尾庭审解谜部分，调性和整部片完全割裂，抠掉中国演员你说它是催泪日剧也没毛病，即便这样还不忘交叉剪辑进王宝强被追打的棍棒喜剧，《草帽歌》响起的时候我都笑了，你们是要让观众精神分裂哇！看完只有俩希望：①张子枫妹妹快接个恐怖片的好本子吧！②妻夫木聪继续练好中文，等着看你和张震共演的《断背山》呢！
什么也不是,1,104,['2021-02-12'],逻辑混乱，整场七零八落不知道在讲什么，也就只有喜剧部分能看，三部最差的一部，尤其是最后那个q，说不是一个人，是个组织，挑战法律，让我想到了美剧，超感神探，里面的派翠克和RedJohn，RedJohn也是一个组织，这部片拍了七季，严重怀疑有借鉴成分。剧情实在是，平平淡淡，想睡觉，虎头蛇尾。打发时间建议看看，实在无聊。一星给我买的三张票，一百多块钱，跟朋友看的，大家反应都很平淡，当打水漂了。
内有恶犬,2,75,['2021-02-13'],陈思诚你最好给了妻夫木聪很多钱！
推理控,1,87,['2021-02-13'],"唐探3，我近三年看过的最烂贺岁片......
看后找个奶茶店狂骂了一个小时来修复精神创伤
从程潇带着和平精英五子登场那里一路黑人问号到结束
最后放烟花及heal the world 出来后我整个人陷入了精神崩溃这要表达what？
给你IMAX摄影机你就拿来放烟花？？？
巨多广告+MV+烂梗的十年前贺岁套路
陈思诚连踩女权底线+泄底推理小说底线+IMAX摄影机瞎拍底线
他成功让他电影里所有的演员变得和他本人一样油腻
看后真心觉得
这样的片子能一天卖15亿
中国电影真完了"
樛木,3,104,['2021-02-14'],第一次直观感受到刘昊然的平庸
动感光biù💃,2,100,['2021-02-12'],大过年的因为这电影我找气受🤗，破案破的随意，搞笑又不搞笑，要不是在春节档还有这票房，恶心人的台词一个接一个，这个ip算是毁了
向来痴,5,192,['2021-02-14'],如果放在2020年春节档上映，可能没那么多人说不好看吧。作为一部承上启下的系列作品，个人觉得很不错了。
煎饼果子不要葱,1,127,['2021-02-15'],陈思诚这个狗东西拍这种垃圾竟然也好意思吹百亿导演吹票房 严重怀疑是不是洗钱 案子弱智无比 都不配放在明侦里 强行神秘 强行cueQ 搞笑也恶心 低俗下流让人不适 麻烦自行领取今年金扫帚 王宝强再继续这样演唐仁 不让编剧丰富人物 许三多滤镜真的要没了
wang2345,1,101,['2021-02-12'],垃圾到吐，两口子恶心
Zooey S,5,236,['2021-02-14'],既然你们打低分我就给五星吧哈哈
Elise同学,4,120,['2021-02-12'],"夸一下陈思诚，去年春节这么多片子，只有他耐得住熬过一整年，我感觉压力应该也是蛮大的。
日本演员的选择都是很聪明的，一直知道陈思诚很聪明，小心思特别多，唐探宇宙的构建也显现了他的野心。
说说片子，情节上推理成分其实是弱的，一开始就对长泽雅美有了很深的怀疑。
但是喜剧上我觉得还是很成功的，特别是停尸房到电梯的一段，是我出电影院回想起来还是很好笑的。
票房上无疑是成功的，排片率一骑绝尘。"
妲己陪你玩,5,226,['2021-02-13'],唐探3 剧情全程无尿点 情节引人入胜 故事环环相扣 值得二刷
心态,1,91,['2021-02-12'],乱套
马赛克,1,125,['2021-02-13'],硬是被朋友叫去看唐3，这特么剧情各种拼凑，真是国产烂片！
黛玉钓鱼,2,91,['2021-02-16'],低俗笑点尬的我乱翻白眼，五大灵童出现我才知道什么叫五雷轰顶。还有建议这部电影移除推理这个标签，这电影哪里有推理？整个就一出吵的人头疼的闹剧。
幸木,1,93,['2021-02-12'],顶吐了
张小北,4,58,['2021-02-12'],作为春节档电影是合格的 3 星，娱乐性十足且应景。单独1 星给 2020 年之前的那个喧闹嚣张乐观且一去不回的「疫情前世界」。这部电影如果是去年春节档上映会是非常应景且大爆，但在经过 2020 年的全球疫情之后，这种用中国人的独特自信放眼全球且内心深信明天会更好的电影，可能短期内再也不会有了。本片中所有的日本演员表演都非常出彩，最后长泽雅美在庭审时的独角戏撑住了全片高潮，是全片的高光时刻。无论有多烧脑翻转，无论有多喧闹搞笑，最后还是好演员的好表演支撑住了一部「电影」。
murmur,1,75,['2021-02-12'],看完走出影院，我和小狮子说：tmd，我只想对陈思诚进行人身攻击！
鬼束千寻go,1,104,['2021-02-15'],当这部电影放出《人证》的主题曲时，就足以让我下定决心打一星！大杂烩电影，强行煽情，然后搞笑的桥段一点也笑不起来，只觉得尴尬！别再拍续集了吧！适可而止吧！成也就成在超高的排片率！
可爱fufu,3,120,['2021-02-14'],我以为大家说的十分钟猜出凶手有一定吹的成分，没想到万分真实。感谢明星大侦探
初夏西瓜与你,3,109,['2021-02-13'],"....刚开始就知道凶手是谁，这个案件完全经不起推敲，日本警方这么疏忽的嘛，也不彻查一下车辆扫一扫指纹，这要是放在《法证先锋》二十分钟就破案了....
开头的打戏也是莫名其妙，突然就打起架来，看得一头雾水，就是为了展示剧组很多钱吗??
广告植入也尬得要命，和平精英那段真的太硬了，观感极差
最后父女回忆那段，太尬了，回忆片段的妆容真的一点也不像露宿街头的样子....太尬了
有些笑点也好低俗啊..不知道是不是去了日本拍摄，有好多地方都好中二233333
看到后面的盂兰盆节，不禁想到现在日本人民看到这一幕会是什么想法

感觉最后一张圆桌少了的那个人是不是秦风爸爸，因为还在坐牢??
刘昊然还是挺帅的🌹"
墨纹山,5,196,['2021-02-12'],苦等一年，不负期望，“唐探宇宙”可算来了！欢乐依旧，好几个片段笑到停不下来，医院那场戏的笑点包袱铺的太好了，台词节奏还有表演都恰到好处，我觉得影院大概持续的笑了5分钟，而且笑点没有门槛，全年龄友好，男女老少都看得开心，笑得大声。
积极讨论,1,103,['2021-02-12'],剧情弱智+低俗烂梗 毫无剧情可言感觉像是东京旅游宣传片，一本正经的弱智推理看得我多次脚趾扣地，而且里面女性独自养孩子只能靠偷靠抢靠卖身？还多次拿女演员胸开玩笑，真是恶心yue了！ 能不能还钱啊！
看到叫我去学习,2,94,['2021-02-12'],长泽雅美在中国贺岁片展现了日剧演技
徐若风,4,56,['2021-02-12'],居水堂密室案与Q操控绑架案多线嵌套交织，情节反转的格局一步步扩大，直到串联起侦探宇宙。案件的解密在致敬经典本格的同时，又产生了与之不同的些许新意。而最后揭示的身份与情感段落，又回到了社会派的推理，三浦友和克制动情的表演尤其击中人心。这次出场的一长串日本明星都太撑场了。
BOBO.,2,73,['2021-02-12'],陈思诚已经将「自我」倾尽于这个系列宇宙了，而自我二字在他来看就是极度自大与自负的集合体，怪他自己吗？当然不全怪他，当你成为那个已经被畸形化的电影票房市场所捧杀的对象的时候，当你的野心被金钱所认可并不断膨胀的时候，这样的结果是注定的，就像那个纸醉金迷的东京，用人性试验人性的虚伪，所抛撒的钞票就是堕落的资本与丑陋。除了长泽雅美与三浦友和，几乎一切都显的如此毫无真实感，因为在陈思诚的手中，他将所有的元素就像一副散乱的棋盘一般被无理的控制着，所有你所期待的想要的都是他所营造的幻觉而已，让你麻醉在它油腻而卑鄙的幻术之中，相信你的每一次笑每一次鼓掌都是发自内心的开心与认可，但这真的能叫电影吗？电影是什么？陈思诚导演你真的知道吗？
帘卷西风,2,85,['2021-02-12'],不如唐2，江郎才尽了
铁板烧鱿鱼,1,143,['2021-02-14'],垃圾！！！强行升华，拉mj下水，给版权费了么！！！！恶心出轨渣男！！！花这个钱看电影连我掉地上一口没吃到的甜筒性价比都不如！！！垃圾！！！！
菊与发,2,88,['2021-02-12'],"陈思诚大概自我感觉是刘昊然，但给人印象其实是王宝强。除了侦探小说和电影，日本A片和土味儿直播怕是也没少看。
整个片子还是中不中洋不洋的直男羸弱推理+土味儿联欢+擦边球荤段子大杂糅，猥琐土油气息溢出银幕，再加各种硬的不能再硬的广告。春节档贺岁片塞这么多不合时宜的梗，没有分级，广电双标传统名不虚传。
不过妻夫木聪确实帅，哪怕全程都穿得像花孔雀都hold住了，长泽雅美比年轻时胖了好多。没他俩洗眼睛我怕是这片看不下去。"
自罚一杯,1,99,['2021-02-12'],物化女性更严重了
Boom！傻比炸了,1,93,['2021-02-12'],这是最后一部吗...越来越难看了 
漫长的白日梦,1,109,['2021-02-15'],"一星给刘昊然。
能把排片给其他电影吗，搁这恶心人。"
故景丰,2,77,['2021-02-13'],"4/10  俗、俗、俗，俗到爆！段子集锦一锅乱炖，可怕的是还自以为有趣呢。开篇机场长镜头就尼玛看吐了，imax摄影机之于陈思诚实乃暴殄天物。怀旧老歌用到泛滥至极（后面放两首英文歌绝逼是想显示自己有品味），真是与今年CW小岳岳的相声有些异曲同工，可谓激情互文啦。越往后电影也越发尴尬，最后二十分钟整个影厅里一片死寂。靠，就这，又玩“喜头悲尾”是吧，送他一个字“服”。我都能脑补出陈导演坐在剪辑终混台上露出的油滑笑容，心里暗想老子太有才啦，RMB的味道香啊…好了，get out啦…
P.S.  加一星给妻夫木聪、长泽雅美、浅野忠信、染谷将太、铃木保奈美、三浦友和，外加刘德华。真是委屈他们演这种烂透了的所谓大IP。"
DaisyBoat,1,135,['2021-02-14'],要不是这个时候上映，谁会看这倒霉电影？还是一样的充满恶意，这次连融梗都不融了，大概是黔驴技穷了吧
闻舟欲渡,2,88,['2021-02-12'],就这。推理部分明显弱化。终究是落入俗套，以后春节档少一份期待。
朱尔赫斯,1,67,['2021-02-12'],太难看了，简直酷刑。可惜了妻夫木聪长泽雅美染谷将太三浦友和……
周末,3,88,['2021-02-13'],全程：啊这就是疫情前的世界啊
MUSHVENOM,3,131,['2021-02-13'],"失望至极。东拼西凑太乱了。
为了长泽雅美和妻夫木聪打的三星。
妻夫木聪努力把中文说的那么好真是辛苦了。"
幕叶下,4,105,['2021-02-12'],倒也没有这么低，7上下。最后强行煽情真顶不住，前半段气氛烘托的还可以。案子太简单用Q加长剧情，感觉很新鲜实则很空洞
修身,5,170,['2021-02-13'],作为唐探三很多人可能会认为不合格，一些破案细节不考究，殴打女护士的桥段，Q的曝光，最后莫名其妙的煽情略显尴尬等等，但是我觉得作为春节档搞笑电影是五颗星的，有很多地方我是笑了的，也有很多地方确实带来了视听盛宴的感觉，整个影院坐满了人，大家也都时不时爆发笑声，说明这部电影在某一个程度还是合格的，我没有特意去等唐三，本也没有抱有多大期待，可能因为这样我更觉得这部电影挺好看吧，毕竟能笑出来的电影也没有多少。
Andy,2,89,['2021-02-12'],难看 像是在看东京版真人秀闯关游戏 搭配王宝强过时的段子更是生理不适（可能也是大年初一起太早） 感觉做成手游可能会红（……）开头三国侦探角色自选代入 选野田昊的有三次充值cheating的机会
周大侠q,2,91,['2021-02-14'],"所有的日本元素都齐了，动漫，相扑，剑道。一锅乱炖
但笑点都很低俗。
里面的正义论惊艳到我了，正义是需要牺牲的。还探讨了谁能执行正义。可惜只是浮光掠影地带过了一下。
植入广告令人恶心，程潇一闪而过，不知道出现的理由是啥。"
-,2,91,['2021-02-13'],看到最后我悟了，原来陈思诚是想拍个中国版正义联盟。
我爱你中国,1,93,['2021-02-12'],唉。狗尾续貂之作。一句话概括，用最好的资源拍最烂的片。就这片第一天破票房纪录，可以看到无脑宣传多么成功，观众多么盲目。地上都是鸡血，而观众在那里蘸馒头。
唐朝,3,74,['2021-02-12'],虽然大部分桥段我都不喜欢，整个系列就是一游乐场闹腾喜剧（如果喜欢这个那它也算是好片），但长泽雅美的一场戏却把我感动哭了。我都想控制自己不流泪，看唐探3看哭未免太讽刺了（我自己这么觉得），可那一段太触动我了。我也意识到，它感动我的方法，跟它用口水歌配上滑稽画面搞笑一样。我对这些不感兴趣，但当长泽雅美那段戏的歌响起，立马把我拉进歌背后的电影里，歌和戏相关性很强，再加上回忆画面和麻酱的表演，于是我就哭了。
私享史,3,45,['2021-02-13'],"前三分之二属于正常发挥，从刘昊然入狱开始全程靠台词说教到了令人厌烦的地步，回忆杀手法的母女苦情戏跟新手贾玲一个水平。陈思诚是一个小想法和恶趣味并存的人，到了这一部小想法变少而恶趣味增多，王宝强的公鸭发情式表演令人不适，多处针对女性的黄段子甚至厌女设定令人反胃，还有大量刘昊然脸部特写镜头令人审美疲劳，这显然是针对女性粉丝的媚俗。对了，刘昊然把γ-羟基丁酸念成了y-羟基丁酸，这知识水平怎么考刑警学院当跨国侦探啊。
没想到中国电影从文化内核上的国际化之路，是靠《误杀》《唐探》这样的片子把在中国境内不能发生的杀人放火打架斗殴撒钞票等情节拿到境外发生来实现的，非常讽刺。本片日语对白占到一半，大过年我其实真不愿意看那么多字幕，而事实上讲了这么多日语其实跟日本没啥关系，完全是用中国人的思维在写台词。"
□那□乇口尼,5,580,['2021-02-13'],电影情节比预想的丰富得多，电影里出现了多次反转，推理破案的同时不忘笑点，而且笑点在影院里观众的反应都超好！演员阵容也是绝了，长泽雅美的颜值和演技我要吹爆！春节期间很值得拉着一大家子去电影院看这部搞笑又温情的唐探3！
Simple,1,108,['2021-02-15'],恶俗 不愧是直男癌拍出来的电影
乱.,1,89,['2021-02-13'],形式大于内容 1还重推理2拍出了形式感眼前一亮3的推理简直把观众的脑子按在地上摩擦……影院里几位对“东京热”和“雅蠛蝶”爆笑且大声重复的男观众不负众望严重影响了我的观影体验，就算是德华在，这人我也交不下了，下一部不约了 再见👋🏻
beike,5,163,['2021-02-12'],必须宣布唐人街探案真的不是一般的无脑片，这部片子的选材真的太好了吧，而且故事情节环环相扣，真的让人非常有想要参与其中一起推理的欲望
离群的飞,4,106,['2021-02-14'],我给四星，值得一看！总的来说，差强人意，主要是推理本身太弱了。看了些评论，还是说几句，全程我没有什么不适，东京热？哪个男生没看过？女生也有看过的吧，怎么说出来就是冒犯？36D，我看的时候只是觉得好笑，再说打护士，这段笑得我眼泪都出来了，和葫芦娃一样名场面！总结一下，电影问题是推理薄弱，结尾冗长，但是不失为春节档合家欢电影，一天天的，又油腻又猥琐的，郭德纲的相声也有类似的梗，台下男女观众哈哈大笑，怎么到这就上纲上线的，毛病！
燕纾,3,99,['2021-02-14'],开头打斗莫名其妙，打着打着后面就不再打了，女护士也太惨了，也没看到裹得严严实实的长泽雅美的“好胸”是怎么来的
查查詹一美,1,94,['2021-02-15'],陈导真的是拍无可拍，恶臭本质暴露无遗。女性独自带娃靠偷靠抢，女儿复仇靠陪睡仇家，破案线更是一塌糊涂，侦探片的法医都是废物吗，死者头部被重物击打都没有发现凶器还在案发现场，验不出致死伤口是前后两个不同的碎片，简直儿戏。在影院浪费两小时。
金盏玉台皮狮虎,1,63,['2021-02-13'],极其难看，大家请避开。
鲜藕大王,2,88,['2021-02-16'],"有一种丢人丢到国外的羞耻感1.请不要再玩低级梗了 真的很恶心2.不要给妻夫木聪穿奇怪的衣服了 粉色那套跟五花肉一样3.广告植入稍微收敛一点"
Katie是王姑娘,4,110,['2021-02-14'],可能大家对电影期待太高了，评分这么低。。但是我觉得还可以。情节还算完整，画面虽然偶尔因为视觉特效有点乱，但是总体还算有新意。最后，刘昊然可真帅啊！
shuoshiwoshuai,1,76,['2021-02-12'],美国丢完脸，丢脸丢到日本去
毛利小九郎,4,103,['2021-02-12'],我以为的秦风推人那个画面印象最深刻，逼好人做坏人果然是最带感的，同时，善恶没那么分明甚至互相纠缠
在逃伯爵,3,84,['2021-02-12'],怎么说，虽然演员们真的很卖力，但剧本真的弱。故事一下就猜到了，推理部分不够精彩，而且除了东京综合病院那段笑了下，其他部分的低俗笑话完全笑不出来…演员方面，染谷将太那段演技压制，长泽雅美其实也还不错，就是剧情之老套让人对着煽情完全哭不出来…单纯看演员看热闹吧
Pho，z,4,107,['2021-02-14'],能在春节档看到这样能让我开心笑几次的电影挺好的啊，剧情没啥硬伤，到了笑点全场都是笑声，水军是真多
一口吃掉小蛋糕,5,181,['2021-02-12'],唐探3能看得出陈思诚打造唐探宇宙的野心，世界名侦探排行榜的逐步拓展，Q的身份揭晓，都为以后故事能延展埋下了更多的伏笔
刘康康,3,37,['2021-02-13'],作为推理迷，此片伤害性不大，侮辱性极大，希望约翰·狄克森·卡尔和森村诚一的书粉谨慎选择观看本片。密室诡计的水平从第一部的青崎有吾迅速滑向了青山刚昌，略等于柯南某一集，不知道陈思诚哪来的自信说不属于卡尔的密室讲义里的任何类型，我怀疑他和编剧都没认真读过《三口棺材》。最后那个破煽情理由也不知道怎么好意思碰瓷《人证》的草帽歌，我看好几个影评人友邻能把这个煽情上升到日本战后遗孤问题，真的大可不必，拔太高了。作为麻酱的粉丝……算了，不说了，都是泪。喜剧部分倒是有进步，医院电梯那场戏写得还行，但小护士莫名其妙被揍一顿其实设计得不好，最好是之前有点道德瑕疵的人，挨整会更引起大家发笑。
圈圈有快递,1,107,['2021-02-13'],"畸形发展的国产电影，傻大白无头脑的搞笑占据榜首，排片资本说了算，一片独大！这样的电影只能在国内看看、国外根本没市场、不要以为票房那么高就得瑟，实际上把全国人民笑点都拉低了！！为笑而逗！移出贺岁档上映。你看唐三有几个亿？因为没有选择。
中国的电影市场太好了。希望这么好的市场能够孵化出一些世界一流的中国产电影，而不是成就一些庸片、中国还要能出一批世界一线的导演和演员明星，要能够给全球电影市场带节奏。否则，这么好的市场白瞎了。政治制度不同，但各个社会里爱恨情仇的缘由，人们的危机感，很多都触及的是人类共同价值。中国的国产电影，加油啊。"
吴明,1,72,['2021-02-12'],看完这片比看完《2001太空漫游》需要更大的耐心
你看不到我,1,98,['2021-02-14'],人生有几个136分钟我却拿来其中的一个136分钟看了这部爆烂电影 陈思诚你真的不行 只是有几个烂钱肚子里却没有五毛的墨水 请不要强行搞什么唐探宇宙了容不下你的 还蛮想知道给了日本片方多少钱啊来演这种侮辱性极强的电影 不过拿钱办事儿每个日本演员确实都认真完成工作了 演技高光时刻基本都是人家贡献的
电影幕后故事,3,61,['2021-02-13'],长泽雅美那几分钟是真正的演技高光。但是这个系列到第三部感觉完全跑偏了
frozenmoon,3,52,['2021-02-13'],唐探已经是一个可以自我生长的系列了。这一部对于春节档来说肯定及格了。
阿弥陀佛,1,109,['2021-02-14'],一边看电影一边打一星，王宝强的装傻充愣已经到了恶心的地步，充满了对他国文化的恶意揣测，可惜了我长泽雅美女神
保护鸡蛋,2,76,['2021-02-13'],花钱找罪受
漫然吾往矣,5,157,['2021-02-13'],很好看啊，不知道为啥这么多酸货
Spreewald,2,75,['2021-02-12'],中日演员大银幕演技大比武，一星给染谷将太
满城风絮o,2,81,['2021-02-12'],全剧最佳长泽雅美...其他的是我期待太高了吗？？
😕,1,88,['2021-02-13'],能不能…不要再出来恶心人了…是真的很难看啊，我就说一点。一个混到日本警视厅高层，且如此有前途之人，为了一个刘昊然放弃了自己的所有，就很脑瘫…
天下,1,90,['2021-02-13'],胡搞的过期产品。太差了。
Envy Ryu,4,90,['2021-02-13'],对唐探这个IP多喜欢就多想对陈思诚说一句耗子尾汁，希望他这部赚够钱了下一部能真正用点心，要求不高，唐探网剧前八集那个水平就行，少接点植入广告，少塞点资源咖！毕竟电影这个商业艺术再商业它也得达到艺术门槛的最低限。
Grey Matter,1,115,['2021-02-14'],油腻，低俗；刘昊然你提高提高演技吧，演的什么玩意儿
被窝冒险家,5,93,['2021-02-12'],全都是我喜欢的亚洲演员！王宝强刘昊然就不不用说，这俩老搭档都是熟面孔，麻酱长泽雅美、小七妻夫木聪、三浦友和，要颜值有颜值要实力有实力，在一部电影里把亚洲国家的这些演员全部聚齐真的太难得了
提香,2,68,['2021-02-12'],过年也没这么乱
黑白植物,1,97,['2021-02-14'],失望透顶！！！王宝强演的太猥琐了导致我现在对他本人都很反感……全程笑点离不开屎尿屁和下三滥的颜色废料，作为女生真的笑不出来，母亲为了一碗面被流氓欺辱，这就是出轨导演的三观吗？在这膈应谁呢
有心打扰,4,46,['2021-02-12'],竟然还有人在吐槽油腻，还有人在吐槽插入广告，还有人在吐槽烂梗……你们醒醒，这已经是第三部了，你们吐槽的这些都是「唐探」系列的卖点啊。合格的商业喜剧片，带着笑点与推理，继续期待「唐探」宇宙发扬光大。
金风玉露,1,87,['2021-02-13'],搞不懂为什么黑油腻男排片那么多……是资本的力量吗
我是小肥羊🐑,1,82,['2021-02-13'],老子的177元😀
credo quia absu,1,91,['2021-02-12'],究极踩雷
Erin Y,1,94,['2021-02-14'],看完以后只有一个感觉，电影拍得这么烂，浪费观众钱和时间，导演如何心安。全程观众很多都在刷手机，都看不下去了。侮辱智商。
村长的爸爸,1,62,['2021-02-12'],垃圾老子看了两次了 去看容易傻
小面加蛋,3,147,['2021-02-17'],笑点真的太低俗了 女护士被群殴引起极度不适
嘻嘻嘻周,1,62,['2021-02-12'],烂片子，一部不如一部
你说的是我🐴？,3,66,['2021-02-12'],起初以为是合家欢，可惜他们给的实在太多了，广告植入的直接影响观感，最后为了推理，强行推理出一个四不像。推理，喜剧，剧情，世界观都不太完整，勉勉强强合格罢了。
Moe,1,70,['2021-02-12'],🚮
zmy,1,77,['2021-02-12'],失望，牵强的杀人动机，为了报复父亲杀人，自爆发言
鸩肉,1,75,['2021-02-12'],吵死了。
Jamie,3,82,['2021-02-16'],王宝强真的越来越丑了，昊然是越来越瘦了，场面是越来越大了，赞助也是越来越多了，大咖也是越来越多了，剧情是越来越一般了。
张某人贼牛,2,66,['2021-02-12'],陈思诚想钱想疯了
沐子荒,5,69,['2021-02-12'],总的来说，观看体验很好，节奏很流畅，很多地方推理得也很完美，希望我唐探系列能够一直拍下去，开创出属于自己的电影宇宙
二月鸟语,2,41,['2021-02-12'],5.2/10，大型划水娱乐片，喜剧部分第一部用过的梗居然又复制一遍？太敷衍了！推理上的bug明显比前两部多不少，塞太多东西反而弄的“房间”乱七八糟的...
苍耳,3,89,['2021-02-14'],结尾的强行煽情真的大可不必，就不能让人好好的看一部春节档应有的欢快的电影吗？且作为一个侦探悬疑类小说的忠实读者，电影里的诡计设计的很烂，一个很简单的诡计居然要那么长时间才破，就差把凶手两个字打在人脑门儿上了！！黄段子咱就不说啥了，恶臭。尤其是，为什么要为了一碗荞麦面去牺牲自己委身于流氓？导演到底对女性有多大的误解与仇恨啊？
鳄鱼,1,79,['2021-02-15'],后悔，是真的后悔。
djdjjfiddkks,1,90,['2021-02-15'],价值观扭曲，视角猥琐。
中医王二叔,5,148,['2021-02-12'],不管别人，给我触动挺大，我甚至不愿去细想情节了
宋雯婷,4,41,['2021-02-13'],不论片子是否符合大家的口味，我们都无法否认唐探作为一个自产ip的巨大成功，它很简单，就是单纯在用商业片的思维做商业片，不拧巴，这个就是我觉得它成功的根源。唐探3归根结底是非常尊重观众的，大量的文化元素，喜庆的节日气氛，都摆明了它渴望服务尽量多的观众的态度。我看的那一场，后排的大姐全场疯狂大笑，我瞬间明白了陈思诚要做的，其实并不是俯瞰众生，而是坦率地取悦众生，对于一部春节档的电影来说，开心的确是最重要的事情之一了。btw：几位日本演员的演技让我惊艳。
药石有医,1,82,['2021-02-15'],不得不感叹电影圈真的好混，观众口碑算个屁，反正以票房论英雄，哪怕拍的很垃圾，剧情没有一点营养甚至侮辱女性，票房是一个能被资本操控并且能走狗屎运的东西，我要收回对陈思诚的夸赞～
喜孕萌宝一文君,5,163,['2021-02-13'],不得不说陈导真的很厉害，依旧是出场来的措不及防，让你还没有反应过来一系列的就都出来了，整部电影无尿点，而且把所有的东西很清晰的串起来了，包括电视剧版里王的徒弟都出现了，整个案情条理清晰，最后还是人性的考验，最后秦风还是坚守自己的正义，最后我们知道了原来Q不是一个人而是一个团队，影片最后还埋下伏笔，期待后面的剧情！
素锦年华,2,80,['2021-02-13'],大过年排片率这么高的电影就是个这
轻轻的亲,4,123,['2021-02-15'],感受就是很多人踩的是不是太过了？反正我看的挺开心。
方枪枪,4,132,['2021-02-12'],俗话说，好饭不怕晚。从2020年春节档再到2021年春节档，这次唐探3真的是不负期待，作为一部适合全家人一起观看的合家欢电影，唐探3既延续了该系列一以贯之的喜剧悬疑，好看又搞笑，全程高能无尿点；同时在超强演员阵容的加持下，强化侦探联盟的团战，团队作站场面超燃。当然，最重要的是，系列不断填老坑和挖新坑，毋庸置疑，唐探宇宙成了！PS：实在没想到，Q真的是惊喜。
狗小白,4,104,['2021-02-14'],这电影打分打成不到6分也太夸张了，我感觉7.6左右吧。妻夫木聪和刘昊然这CP我磕上了
OVERDOSE,2,74,['2021-02-12'],"还不如第二部...失望
这推理是个啥??
本来打算一星，多的一星给张子枫"
小梨花與其他貓,1,81,['2021-02-14'],如芒刺背 如坐针毡
黑暗中的🐰,1,77,['2021-02-12'],？？？我的智商收到了侮辱
妙妙屋,2,98,['2021-02-15'],如果票价只有40，如果没有一年的营销，那我会打三分，吊了观众一年的胃口加上超高的票价，进了电影院看完电影只想说，就这？还有陈思诚求你别意淫女性卖淫了可以吗？真的生理恶心
Vitality,2,64,['2021-02-12'],这个阵容不能就出这样片子
朝阳区妻夫木聪,3,31,['2021-02-12'],依然是全程冷漠，被腻得不轻，但整体看下来居然已经是三部曲中观感相对较好的一次了。陈思诚有一种连妻夫木聪都可以被他带油腻的能力，但无奈观众们好像真的很吃这套。有关推理依然是一拍脑门走哪算哪，整个案件其实也不是很扎实，最大的观感就是，很臃肿，很冗长，明星不停走过场，但是大多数人真的根本不care。长泽雅美那条父女线可以深挖一下，染谷将太的角色也太工具了，可以探讨的点很多，没用好。彩蛋部分感觉是要把野心铺更大了，下一部请谁，神夏剧组吗？私以为好的导演应该学习如何做减法，但对于这样一部看起来就很烧钱的商业片来看，对观众而言，“看个热闹”恐怕已经是最贴切的评价了。最后的最后，知道说了没用但还是想说：王宝强真的可不可以闭嘴……
Salyu,4,60,['2021-02-12'],还是那个唐仁，还是那个秦风，还是那个唐探！不虚此行！
Hubble,1,56,['2021-02-12'],这个系列火的真的很迷，第三部尤其……
亭鬼,2,65,['2021-02-12'],真的很次 期望越大失望越强！
黯然,1,86,['2021-02-14'],拍你妈侦探片 一点参与感没有 煞笔
Reason,2,64,['2021-02-13'],我就想说最后放了二十多分钟歌是什么鬼，广告植入僵硬就不说了，剧情也是东拼西凑，强行凑时长
汪汪,5,171,['2021-02-14'],比李焕英强太多太多了，唐探的野心，执行力，剧本的圆润，喜剧动作和探案的平衡，和电视剧，前两部的联动都完成的很好，都在吐槽王宝强，但是王宝强的角色绝不只是胡闹，王宝强是有演技的，这个角色没那么简单。网上所谓的侮辱女性简直可笑，卡通化拍法都要被观众道德审查了吗？太可笑了。电影高级感秒杀李焕英，日本一众大牌还有大闹东京都是惊喜再惊喜，强烈期待第四部。
shankar,1,69,['2021-02-12'],"元素太多，强行塞元素
强行煽情，
强行搞笑，
大杂烩，娱乐大众，娱乐自己。"
tanktank,4,72,['2021-02-14'],感觉还好啊，一首heal the world 直接升华了。
郭大侠,2,70,['2021-02-12'],不好看，不是我的菜
Boviiiiisss,1,77,['2021-02-12'],一星给弟弟颜值。片子过于喧哗，王宝强的角色越来越没有亮点。很多情节论逻辑逻辑不通，论戏剧不够戏剧。张子枫越来越好看了，但是客串的意义是啥？剧情平淡没有升华。明年应该会换一部贺年片了。还是新年快乐呀。
不二,3,72,['2021-02-12'],恶俗的笑料，变了味的推理，也许打造出来IP圈一波就行了吧
不生意树,1,68,['2021-02-15'],陈思诚急着成为第二个郭小四。
第一导演孔笙,1,58,['2021-02-13'],纯圈钱烂片...这票房可以拍100部
人,1,76,['2021-02-13'],不好看也就算了，还插广告，这些有钱人太贪婪了‥没底线‥脑子里除了钱还是钱，搞得好像穷不起了似的
Mamba_Yi,2,75,['2021-02-15'],无话可说，这种片子要是成为了历史票房第一位！那真是一种悲哀！
无名人士,5,115,['2021-02-12'],"？我觉得比第二部好多了。
（第一部就中规中矩推理电影，第二部融中国元素却浮于表面，这一部虽然槽点多但是却有真正的思考，“完美犯罪”究竟是什么呢？我个人觉得这部的思索比前两部走得远，不至于为了一点广告植入、带资源咖入镜等而抹杀这最关键的一个亮点，推理确实弱了点，但推理只是工具，真正要探讨的是人性。ps.父女当庭对峙的那场戏真的很给力，不至于煽情，两个演员都在不动声色地推开不同层次的情绪涟漪，人物塑造得很有张力。）
我不觉得观众提前猜出凶手是谁是对悬疑片的贬低，我们看这种片又不是玩猜谜，重点看什么心里提前要有个数。"
FloriaZENG,1,67,['2021-02-12'],太难看了…………难看得不知从何说起
东邪不在桃花岛,2,69,['2021-02-12'],不好
恃宠而骄鱼摆摆,2,54,['2021-02-12'],过度煽情，各种元素的堆砌，哎
黄桃屁股,2,66,['2021-02-12'],期待一年 就这？
Delphi,1,68,['2021-02-12'],好久好久没看过这么狗血的电影了 睡了半场 口水流了满脸  拜托陈思成提高提高审美吧 
羌橙🍊,1,91,['2021-02-14'],厌女情节真的让人生理不适…
史莱猫姆,2,60,['2021-02-12'],一般般吧，不对胃口，推理小说迷不太满足
joker,3,77,['2021-02-15'],看完唐探3，感觉陈思诚太聪明了，这是一个除了捞钱没有任何其他野心的电影，各种段子大杂烩，各种元素乱入，可以长在任何人的点上。唐探的套路:王宝强配美女（1的阿香，2的女警，3的小林酱），美女被绑架，成龙式的追逐打闹，各国特色风情（泰国，美国，日本），案中案，不同目的的人物出现在同一场景（1的阿香家，2的医院，3的医院），再加上一点点的悬疑，恐怖，催情和很简单的人性升华。这个套路，感觉有多少国家以后就能拍多少唐探。（观影地:老家万达）
小斑,2,54,['2021-02-12'],春节陪长辈去看个热闹。陈思诚还是会整活的，一锅大杂烩，他知道需怎么用镜头怎么快速推进。情节不需要推敲，又不是真的来看本格推理。Q就是撑时长用的，跟主线案件脱节。而且明明用“正当防卫”就可以打掉的官司，硬整些没用的就为了带人物出场，很不高明。密室戏份感觉是充话费送的。法庭那场戏到最后都有点尬住了。PS：神秘组织的制服能不能与世俱进一下？
🍑Polaris.J,1,48,['2021-02-12'],太差 完全失真 没有逻辑 且最开始就能猜到凶手   能火可能因为类型片 唯一做喜剧推理的吧  还有完完全全的死直男癌审美 不尊重女性 怎么还有人看陈思诚的电影啊，吐了。
Chan.,1,72,['2021-02-15'],"推理推理不行
搞笑搞笑不行
别扯什么因为期望过高而觉得不好看啥的 就是烂"
Garcia,2,67,['2021-02-12'],比第一部差比第二部强一点，起码没有2那么扯淡和吵吵闹闹，推理一般般，那个五大灵童出场真尴尬，结尾还搞成日本苦情剧（扶额），还有可怜的被暴打的护士小姐姐，陈油男对女性的那种低级调侃实在ex
be＋,1,89,['2021-02-13'],又是对国产电影失望的一天
蓝色雪35,1,82,['2021-02-15'],导演和王宝强把观众当傻子。
K,2,64,['2021-02-13'],"这案件就不能认真看，哪哪都说不通这样子。你说不在密室十三种类别中间，因为这就不配称为“密室杀人”ogay？
从头到尾都觉得我女神满脸写着“我是凶手”这样子，所以想了一个多小时第一个冲进去明显在屋外的女神是怎么设计的密室机关……hey tui。
张子枫除了出来吓我也没搞懂有啥用。
最想揍人的瞬间是看到和平精英…cx翻着跟头出来……hey tui。
但是没关系，小七戏份足够多，足够帅，这么土的花西装都无法掩盖他的帅，麻酱还是那么美，还有（我没认出来的徒弟）邱泽，好帅好帅…很快乐"
躲猫猫喝白开水,1,55,['2021-02-12'],又烂又尴尬，后半段我实在看不下去了，一直在刷手机。
南悠一,2,40,['2021-02-14'],喜剧元素和探案元素，实际上没有做到融洽，就拿36D情节来说，把低俗当作重要线索，是在消解思维推理的逻辑和严肃，因此几乎全片都没有严肃的推理展现，十三种密室等缺少人性设计，停留在吐概念层面，快切快剪+连成串的笑点和包袱，让观众目不暇接、无法思考，进而无法注意其逻辑和语义上的单薄。而最后一场法庭的癫狂表演，更是创作者内心对法律程序和公平欠缺正确的理解（并非指法庭戏不能被戏说），诸多细节也是用中国人的心思，对日本国民性的恶意揣度和嫁接，包括公车撒钱等情节。我只能把它当作“人在囧途”类喜剧的套路在看，长泽雅美最后一段表演是它仅有的高光时刻。另外，《唐探3》呈现的一种现实是，它热衷于掀翻摊位、车辆，砸破东西，闯乱人群队伍，破坏行路秩序，犹如蝗虫过境一般，对世界的破坏远大于建设。
繁华散尽爱美丽,2,65,['2021-02-13'],能把这么幼稚的案子拍成两个多小时的电影陈思诚也是厉害了。          另外拉踩一下，案子还没有明星大侦探里面的案件有难度……。       看完对刘昊然也没有什么好感了，全程都是老子天下第一聪明的紧绷感
TYkkk,5,71,['2021-02-12'],唐仁每次的金句都是这么的押韵顺口，这蹩脚的口音越听越上头，王宝强真有你的
白胡椒哇,2,84,['2021-02-13'],开场到日本第一个长镜头就开始拉垮，奠定了全片调度混乱、节奏稀碎、情节崩坏、人设诡异的整体基调；整个看完，感觉就像一块屎蛋糕，尽管东一榔头西一棒槌地加了诸如奶油、水果、巧克力、芋泥之类的佐料，但里面的基底不是戚风🍰而是💩，撅一口下去就是混了佐料的甜口屎。作为侦探片，连最最基本的侦探故事都简单智障毫无难度，既没有第一部的复杂，也没有第二部的氛围，全靠结尾家庭伦理回忆杀煽情；作为贺岁片，其搞笑很多建立在低俗的基础上，甚至不如第一部仿默片和成龙喜剧出效果，船上俩人抱着桶互🤮那场简直莫名其妙；故事主体Q的入会资格游戏，更是每一个关卡都充满bug，36D这种谜底为了低俗而低俗缺乏逻辑性，靠半小时内能不能从A地跑到B地测试体能更加弱智。看完感觉智商被按到地上摩擦，下一部说Q是秦风他爹成立的我就笑了。
咖喱滚滚泡芙,3,83,['2021-02-13'],其实喜剧成分真的变少了。后面母亲与女儿那个故事，我一直在想着实好无厘头，为了蛋糕?
⁶⁶⁶₆₆₆         ,1,71,['2021-02-15'],全片充斥着用男女生殖器及隐私部位当做笑料的片子，就别来合家欢了。你知道带着小孩，陪着老人去看的时候有多尴尬吗？
牙尖兔yumyum,1,81,['2021-02-14'],笑点很低俗，关心女护士的结局
Evenstar,2,59,['2021-02-13'],我爸的二字评价还是挺一针见血的：闹剧。陈思诚的猥琐和厌女还真是体现的淋漓尽致 推理倒是被彻底放弃了。两星全给一众日本演员还有kswl的cp
豆影,5,60,['2021-02-12'],萝卜白菜各有所爱，众口难调，已经很不错了，推理和喜剧效果很过瘾，真的没有那么差，难道那些说不好看的在春节期间爱看婆婆妈妈哭哭啼啼的电影？？
葡萄冻住🍇,1,73,['2021-02-16'],低俗的笑点，无处不在的广告，为什么这么烂的一部电影竟然有30多亿票房？？？侮辱观众还是在侮辱中国电影？
贰拾贰_,2,83,['2021-02-14'],莫名其妙，浪费时间，一部比一部差。
灵乌兮,1,81,['2021-02-16'],低俗，恶趣味。
红,1,60,['2021-02-12'],国内的影业是不是在试探国内大众对于“硬广的植入时间和方式”的底线？？？
发条陈,1,69,['2021-02-15'],我的钱不是钱吗？？我的眼睛也不是眼睛 我的时间也不是时间？？？
今天吃什么,1,68,['2021-02-15'],我看过最贵的电影 124一张票 结果就是日本旅游宣传片 就离谱 还有王宝强好吵啊我觉得我看完唐探头疼要犯了
